Item_no, n_participants, item_label, ILE_value, SEI_value, ESE_value, LII_value, EIE_value, LSI_value, SLE_value, IEI_value, SEE_value, ILI_value, LIE_value, ESI_value, LSE_value, EII_value, IEE_value, SLI_value, ILE_bool, SEI_bool, ESE_bool, LII_bool, EIE_bool, LSI_bool, SLE_bool, IEI_bool, SEE_bool, ILI_bool, LIE_bool, ESI_bool, LSE_bool, EII_bool, IEE_bool, SLI_bool
0, 2727, "In photos, I often end up looking either shyly smiling or nervously smiling.", -0.27, -0.23, -0.79, 1.21, -0.76, 0.29, -1.67, 2.15, -1.55, 0.82, 0.19, 0.32, -0.71, 1.36, -0.35, 0.01, 0, 0, 0, 1, 0, 1, 0, 1, 0, 1, 1, 1, 0, 1, 0, 1
1, 2746, "I am hardworking and enjoy being busy with the work assigned to me.", -0.78, -1.32, 1.33, -0.13, -0.57, 0.48, 0.99, -1.78, -0.88, -0.60, 1.29, 0.43, 1.41, 1.17, -0.14, -0.90, 0, 0, 1, 0, 0, 1, 1, 0, 0, 0, 1, 1, 1, 1, 0, 0
2, 2742, "I often enjoy states of mindlessness and feelinglessness, when everything is one, and it's as if you're sitting without thoughts, judgements, or comparisons on the bank of an eternally flowing river.", -0.12, 0.45, -1.51, -0.38, -1.07, 0.28, -0.54, 1.38, 0.26, 1.43, -0.71, -0.81, -0.99, 1.26, -0.80, 1.86, 0, 1, 0, 0, 0, 1, 0, 1, 1, 1, 0, 0, 0, 1, 0, 1
3, 2751, "I've always been drawn to subtle probabilistic analysis and event assessment.", 0.84, -1.44, -0.94, 1.45, 0.14, 0.17, -0.48, -0.77, -1.57, 1.55, 1.54, -0.43, 0.51, 0.35, 0.29, -1.21, 1, 0, 0, 1, 1, 1, 0, 0, 0, 1, 1, 0, 1, 1, 1, 0
4, 2741, "Too often I escape from less pleasant tasks into more playful daydreams.", 0.79, -0.20, -0.98, 0.98, 0.65, -0.80, -1.67, 1.95, -0.70, 1.10, -0.17, -1.02, -1.39, 0.76, 0.66, 0.03, 1, 0, 0, 1, 1, 0, 0, 1, 0, 1, 0, 0, 0, 1, 1, 1
5, 2738, "I readily and quickly see all the 'weak points' in the character and life of anyone I interact with, even briefly.", -0.95, -0.42, -0.55, -1.51, 1.25, -0.86, -0.30, -0.42, 1.56, 0.57, 0.03, 1.33, -0.44, 0.34, 1.75, -1.37, 0, 0, 0, 0, 1, 0, 0, 0, 1, 1, 1, 1, 0, 1, 1, 0
6, 2741, "I make sure people don't get too close to me when we're talking.", -1.14, -0.58, -1.38, -0.01, 0.52, 1.07, -0.77, 0.23, -1.00, 1.42, 0.40, 2.07, -0.88, -0.18, -0.91, 1.13, 0, 0, 0, 0, 1, 1, 0, 1, 0, 1, 1, 1, 0, 0, 0, 1
7, 2740, "Ancient animal instincts influence my behaviour no less, and often even more, than reason and intellect.", -0.42, 1.61, 0.93, -1.32, 0.03, -1.30, 1.55, 1.09, 1.26, -1.38, -1.11, -0.12, -0.14, -0.73, 0.16, -0.11, 0, 1, 1, 0, 1, 0, 1, 1, 1, 0, 0, 0, 0, 0, 1, 0
8, 2747, "I often find myself in a state of calm serenity, like a cat grooming itself.", -0.33, 1.39, -0.34, 0.47, -2.21, 0.82, -0.65, 0.93, 0.65, 1.05, -1.19, -0.63, -0.48, -0.69, -0.39, 1.61, 0, 1, 0, 1, 0, 1, 0, 1, 1, 1, 0, 0, 0, 0, 0, 1
9, 2744, "I often feel like a victim.", -0.95, 0.46, -0.38, 0.54, 1.58, -1.10, -0.72, 1.61, -1.06, 1.04, -0.05, 0.04, -1.12, 1.67, -0.46, -1.09, 0, 1, 0, 1, 1, 0, 0, 1, 0, 1, 0, 1, 0, 0, 0, 1
10, 2748, "Intelligence and cunning are practically the same thing.", -0.51, -0.29, -1.40, -1.35, -0.26, -0.71, 1.66, 1.18, 0.66, 0.94, 1.79, -1.15, -0.43, -0.60, -0.30, 0.78, 0, 0, 0, 0, 0, 0, 1, 1, 1, 1, 1, 0, 0, 0, 0, 1
11, 2742, "I love and am very good at doing physcial things and making things with my own hands.", -0.03, 1.01, 1.30, -1.23, -1.69, 0.58, 1.14, -0.78, 0.30, -0.45, -1.32, 0.12, 1.14, -0.79, -0.76, 1.45, 0, 1, 1, 0, 0, 1, 1, 0, 1, 0, 0, 1, 1, 0, 0, 1
12, 2755, "At school, I was more interested in the 'hard' sciences than the humanities.", 1.33, -0.53, -0.38, 1.17, -1.12, 0.19, 1.03, -1.30, -1.20, -0.11, 0.98, -1.26, 1.38, -0.16, -1.12, 1.11, 1, 0, 0, 1, 0, 1, 1, 0, 0, 0, 1, 0, 1, 0, 0, 1
13, 2758, "I don't let anyone into my inner world.", -0.39, -0.97, -2.37, 0.30, -1.04, 1.42, -0.24, 0.82, -0.26, 1.09, -0.22, 1.01, -0.10, 0.31, -0.86, 0.31, 0, 0, 0, 1, 0, 1, 0, 1, 0, 1, 0, 1, 0, 1, 0, 1
14, 2759, "I very often take high risks in life and in games, as if waving my hand saying - oh, well, what the heck!.", 1.40, -1.19, 0.21, -1.13, -0.19, -1.20, 1.69, 1.07, 1.08, -0.08, 1.43, -1.10, -0.56, -0.90, -0.02, -0.53, 1, 0, 1, 0, 0, 0, 1, 1, 1, 0, 1, 0, 0, 0, 0, 0
15, 2767, "I leave many things unfinished because I want to understand and grasp the main point, and all the finishing touches are no longer of interest to me.", 1.66, -0.08, -1.10, 0.27, -0.52, -1.49, 0.05, 1.48, 0.38, 0.66, -0.03, -1.37, -0.72, -1.35, 1.31, 0.85, 1, 0, 0, 1, 0, 0, 1, 1, 1, 1, 0, 0, 0, 0, 1, 1
16, 2759, "When a chain of events starts to deviate from the initial plan, I remain completely calm - I know how to benefit from any turn of events as they unfold.", 0.89, -0.62, -0.80, -1.08, -0.96, -1.16, 0.85, -0.43, 0.91, 1.27, 1.01, -1.61, 0.06, -0.70, 1.70, 0.65, 1, 0, 0, 0, 0, 0, 1, 0, 1, 1, 1, 0, 1, 0, 1, 1
17, 2760, "I often feel uncomfortable, although I can't pinpoint exactly what's wrong - it's just generally uncomfortable.", 0.85, -1.81, -1.03, 0.28, 1.44, -0.91, -1.07, 0.75, -1.33, 1.33, 0.95, -1.01, 0.21, 0.75, 0.29, 0.31, 1, 0, 0, 1, 1, 0, 0, 1, 0, 1, 1, 0, 1, 1, 1, 1
18, 2760, "I need advice and help when choosing clothes.", 0.39, -0.11, -0.90, 1.79, 0.49, -0.24, -1.50, 0.69, -1.14, -0.23, 1.73, -0.55, -0.41, 1.38, 0.04, -1.44, 1, 0, 0, 1, 1, 0, 0, 1, 0, 0, 1, 0, 0, 1, 1, 0
19, 2776, "I am characterised by the long-term nature and stability of my attractions and desires.", -0.73, 0.11, 0.23, 1.06, 0.01, 1.98, -0.47, -2.13, -0.67, -0.32, -0.44, 1.58, 0.10, 1.13, -0.88, -0.56, 0, 1, 1, 1, 1, 1, 0, 0, 0, 0, 0, 1, 1, 1, 0, 0
20, 2775, "I can easily switch from one operation to another, from one action or movement to another.", 1.01, 0.21, 0.26, -1.02, -0.81, -1.80, 1.48, -0.06, 0.59, 0.20, 0.40, -1.28, 1.11, -1.63, 1.30, 0.03, 1, 1, 1, 0, 0, 0, 1, 0, 1, 1, 1, 0, 1, 0, 1, 1
21, 2763, "My personality would be very well-suited to a job as a secretary or executive assistant.", -1.93, 1.96, 0.69, -1.00, -0.58, 1.07, -1.11, 0.81, -0.60, 0.64, -0.10, 0.91, -0.40, 0.78, -0.06, -1.08, 0, 1, 1, 0, 0, 1, 0, 1, 0, 1, 0, 1, 0, 1, 0, 0
22, 2765, "Sometimes I catch myself experiencing a paralysis of will and begin to ingratiate myself with someone who is superior to me.", -1.25, 1.25, -0.29, -0.56, 0.70, -0.27, -1.39, 2.14, -1.19, 0.96, 0.53, -0.75, -0.56, 1.31, -0.26, -0.37, 0, 1, 0, 0, 1, 0, 0, 1, 0, 1, 1, 0, 0, 1, 0, 0
23, 2776, "I feel contempt for the so-called 'smart alecks'.", -1.54, -0.55, -0.88, -1.75, 0.29, 0.12, 0.31, 0.79, 1.11, -0.41, -1.11, 1.82, 0.31, -0.53, 0.78, 1.33, 0, 0, 0, 0, 1, 1, 1, 1, 1, 0, 0, 1, 1, 0, 1, 1
24, 2782, "Which is more characteristic of you? 1) Rejection, pickiness, discernment, detachmennt, aloofness. 2) Attraction, conformity, a tendency to join others and unite them, sometimes - indiscriminate in relationships. (Positive values indicate the second pole, negative values indicate the first pole.)", 0.16, 1.58, 1.17, -1.36, -0.13, -0.22, -0.09, -0.78, 0.06, -1.31, 0.16, -1.58, 0.32, 1.14, 1.76, -0.90, 1, 1, 1, 0, 0, 0, 0, 0, 1, 0, 1, 0, 1, 1, 1, 0
25, 2775, "I can and even enjoy enduring intense long-distance running for extended periods.", 0.28, -0.68, -0.99, 0.17, -1.00, 1.20, 1.94, -0.76, 0.23, -0.81, 1.45, -0.59, 0.47, 1.29, -0.81, -1.40, 1, 0, 0, 1, 0, 1, 1, 0, 1, 0, 1, 0, 1, 1, 0, 0
26, 2778, "I'm often bored.", 0.44, 1.09, -2.09, 0.00, 0.04, -0.59, 0.41, 0.82, 0.87, 1.07, -2.50, -0.51, 0.33, -0.25, 0.21, 0.65, 1, 1, 0, 0, 1, 0, 1, 1, 1, 1, 0, 0, 1, 0, 1, 1
27, 2781, "I have a habit of double-checking myself many times.", -0.29, -0.24, -0.82, 0.92, 0.88, 1.22, -1.55, -1.02, -1.46, 0.15, -0.59, 0.49, 1.26, 1.95, -0.27, -0.63, 0, 0, 0, 1, 1, 1, 0, 0, 0, 1, 0, 1, 1, 1, 0, 0
28, 2782, "I like it when I'm served by many people.", -0.76, -0.75, 1.14, -0.71, 1.02, 0.07, 0.73, 1.36, 1.89, -0.82, -0.59, 0.49, 1.26, 1.95, -0.27, -0.63, 0, 0, 1, 0, 1, 1, 1, 1, 1, 0, 0, 1, 1, 1, 0, 0
29, 2782, "Sometimes I find it difficult to focus my vision on my surroundings: everything seems strange, as if it's trembling, swaying, and flickering.", 0.76, -1.40, -0.89, 0.10, 1.04, -0.28, -0.57, 0.78, -1.57, 1.44, 0.97, -1.18, -1.18, 0.88, 1.23, -0.13, 1, 0, 0, 1, 1, 0, 0, 1, 0, 1, 1, 0, 0, 1, 1, 0
30, 2782, "The job of a commercial director would suit me better than that of a freelance artist.", -0.94, -1.62, 0.49, -0.60, -0.42, 1.45, 0.82, -0.52, 0.58, -0.51, 1.17, 0.16, 2.15, -0.50, -1.27, -0.46, 0, 0, 1, 0, 0, 1, 1, 0, 1, 0, 1, 1, 1, 0, 0, 0
31, 2794, "The smell of food always excites me and stimulates my appetite; usually, the aroma of cooking food immediately makes my mouth water.", 0.03, 1.87, 2.00, -0.89, -0.44, -0.33, 0.04, -0.32, 0.16, -1.24, -1.50, 0.69, 0.34, -1.34, -0.09, 1.02, 1, 1, 1, 0, 0, 0, 1, 0, 1, 0, 0, 1, 1, 0, 0, 1
32, 2800, "My talent is the ability to get in sync with another person's feelings and experiences.", -1.18, 0.82, 0.70, -0.87, 0.86, -0.68, -1.15, 1.00, 1.19, -1.10, -1.08, 1.11, -0.94, 1.10, 1.12, -0.89, 0, 1, 1, 0, 1, 0, 0, 1, 1, 0, 0, 1, 0, 1, 1, 0
33, 2797, "I am very sensitive to small facts or logical details that go unnoticed by many other colleagues.", -0.10, -0.22, 0.92, 0.72, -0.59, 1.36, 0.06, -1.92, -0.91, 1.88, -0.09, -1.02, 1.50, -0.17, -0.79, -0.63, 0, 0, 1, 1, 0, 1, 1, 0, 0, 1, 0, 0, 1, 0, 0, 0
34, 2807, "I have a very high drive for quality and perfection in everything I do.", -1.06, -1.34, 1.38, 1.34, 0.17, 1.04, 0.17, -1.53, -1.05, -0.28, 0.58, 1.13, 0.91, 0.44, -1.30, -0.61, 0, 0, 1, 1, 1, 1, 1, 0, 0, 0, 1, 1, 1, 1, 0, 0
35, 2782, "I have to admit, I have a habit of being late.", 1.74, 0.60, -0.56, -0.87, 0.17, -1.65, 0.09, 0.27, 0.77, -0.58, -0.74, -0.76, -0.49, -0.99, 2.18, 0.82, 1, 1, 0, 0, 1, 0, 1, 1, 1, 0, 0, 0, 0, 0, 1, 1
36, 2783, "I'm an impatient person and easily irritated if I have to wait for something or if my words aren't responded to immediately.", 0.80, -0.72, 1.00, -1.23, 1.81, -1.32, 1.12, -0.53, 0.84, -1.48, 0.06, 0.66, 0.87, -1.53, 0.06, -0.21, 1, 0, 1, 0, 1, 0, 1, 0, 1, 0, 1, 1, 1, 0, 1, 0
37, 2784, "I often write ironically; that is, I write one thing on the surface, but subtly hint at something else entirely, something opposite.", 1.19, -0.46, -1.04, 0.30, 1.06, -1.12, 0.19, -0.39, -0.03, 2.22, -0.24, -1.33, -0.01, -1.44, 1.32, -0.21, 1, 0, 0, 1, 1, 0, 1, 0, 0, 1, 0, 0, 0, 0, 1, 0
38, 2789, "Knowledge of economics, science and politics can help me in making everyday decisions.", 1.63, 0.30, -0.42, 1.55, 0.33, 0.50, -0.34, -1.68, -0.25, 0.07, 0.82, -1.54, 1.41, -0.53, -1.28, -0.58, 1, 1, 0, 1, 1, 1, 0, 0, 0, 1, 1, 0, 1, 0, 0, 0
39, 2790, "I consciously try to avoid any unpleasant or disturbing thoughts.", -0.98, 1.10, 0.67, 0.12, -1.97, -0.02, -1.30, -0.25, -0.08, -0.90, 1.17, 0.36, 0.22, -0.37, -0.06, 2.29, 0, 1, 1, 1, 0, 0, 0, 0, 0, 0, 1, 1, 1, 0, 0, 1
40, 2790, "He often worried or fretted about his health.", -0.66, 0.55, 1.64, 0.37, 2.19, -0.87, -1.86, -0.69, -0.70, 0.15, 0.85, -0.21, 0.35, 0.46, -0.94, -0.65, 0, 1, 1, 0, 1, 0, 0, 0, 0, 1, 1, 0, 1, 1, 0, 0
41, 2797, "I'm very discerning about the taste of food; at least, I can usually tell the difference between fresh and not-so-fresh produce.", -0.87, 1.24, 1.87, -0.83, -0.82, 0.19, 0.48, -0.53, 0.74, -0.12, -1.70, 0.42, 1.03, -1.12, -1.08, 1.08, 0, 1, 1, 0, 0, 1, 1, 0, 1, 0, 0, 1, 1, 0, 0, 1
42, 2805, "I sometimes experience depressive episodes when everything seems bleak and hopeless.", -0.20, 0.89, -0.72, -0.67, 1.46, -1.29, 0.36, 1.15, -0.71, 1.18, -0.30, 1.10, -1.41, 1.26, -1.11, -0.99, 0, 1, 0, 0, 1, 0, 1, 1, 0, 1, 0, 1, 0, 1, 0, 0
43, 2808, "I really enjoy watching comedies where a likeable protagonist constantly finds themselves in awkward and silly situations.", -0.10, 3.12, -0.25, -0.14, -0.59, -0.53, 0.40, -0.62, -0.75, -1.55, 0.42, -0.88, 0.39, -0.21, 0.52, 0.77, 0, 1, 0, 0, 0, 0, 1, 0, 0, 0, 1, 0, 1, 0, 1, 1
44, 2809, "I would be embarrassed if all my colleagues drove newer BMW models while I drove an older one.", -1.77, -0.73, 0.22, -0.55, 2.24, -0.54, 0.34, 0.75, 1.06, -1.82, 1.00, -0.55, 0.28, 0.37, -0.14, -0.16, 0, 0, 1, 0, 1, 0, 1, 1, 1, 0, 1, 0, 1, 1, 0, 0
45, 2812, "A bad person will never convince me of anything, not even that two plus two equals four.", -2.12, -0.03, 1.81, -0.74, -0.61, 0.20, -0.32, 0.50, 0.73, -0.84, -1.26, 1.96, 0.03, 0.39, 0.33, -0.02, 0, 0, 1, 0, 0, 1, 0, 1, 1, 0, 0, 1, 1, 1, 1, 0
46, 2812, "I know how to demand respect, to be and appear significant, and always maintain the necessary level of seriousness.", -0.77, -0.92, 0.86, -1.24, 0.37, 1.48, 0.39, -0.17, 1.87, -0.73, -0.44, 0.56, 1.49, -1.52, -0.61, -0.59, 0, 0, 1, 0, 1, 1, 1, 0, 1, 0, 0, 1, 1, 0, 0, 0
47, 2813, "I've always been indifferent to mathematics.", -1.92, 0.36, 0.53, -0.88, 0.65, -0.62, -0.23, 1.03, 1.35, -0.07, -1.41, 1.43, -1.35, 0.04, 1.23, -0.14, 0, 1, 1, 0, 1, 0, 0, 1, 1, 0, 0, 1, 0, 1, 1, 0
48, 2813, "I get very upset when I argue with close friends and family, or when I feel their inattention and negative attitude towards me.", -0.91, 1.07, 1.58, -0.22, 0.58, -1.75, -1.10, -0.65, -0.41, -0.98, -0.30, 0.68, 0.07, 2.00, 0.76, -0.32, 0, 1, 1, 0, 1, 0, 0, 0, 0, 0, 0, 1, 1, 1, 1, 0
49, 2818, "I often feel sorry for myself.", -0.54, 0.84, -0.41, 0.85, 0.84, -1.89, -1.01, 1.85, -0.44, 0.25, -0.05, 1.36, -0.55, 0.94, -0.98, -1.06, 0, 1, 0, 1, 1, 0, 0, 1, 0, 1, 0, 1, 0, 1, 0, 0
50, 2815, "When I'm nervous, my hands become almost useless and even get in the way - I might accidentally bump into something or drop something.", 0.72, -1.39, -0.48, 0.32, 0.76, -0.48, -1.41, 0.94, -1.78, 0.61, 1.66, -0.74, -0.36, 1.00, 1.15, -0.52, 1, 0, 0, 1, 1, 0, 0, 1, 0, 1, 1, 0, 0, 1, 1, 0
51, 2817, "Sometimes I get so lost in thought that I end up going in the wrong direction.", 2.41, -1.17, -1.07, 0.70, 0.85, -0.07, -1.52, 1.10, -0.53, -0.12, 0.22, -1.30, -0.09, -0.72, 0.37, -0.48, 1, 0, 0, 1, 1, 0, 0, 1, 0, 0, 1, 0, 0, 0, 1, 0
52, 2820, "I can and love to watch for a long time how the minute hand of a clock slowly moves, how clouds drift across the sky, how the sun gradually disappears below the horizon.", -0.70, -0.25, 0.81, -0.61, -0.95, 0.49, -0.87, 1.45, -1.05, 2.10, -0.22, 0.33, -1.46, 1.54, -0.44, -0.17, 0, 0, 1, 0, 0, 1, 0, 1, 0, 1, 0, 1, 0, 1, 0, 0
53, 2815, "I often enjoy states of mindlessness and numbness, when everything is one, and it's as if you're sitting completely without thoughts or feelings on the bank of an eternally flowing river.", -0.18, 0.37, -1.29, -0.11, -1.19, 0.88, -0.39, 1.35, -0.43, 2.05, -1.08, -0.36, -1.33, 0.33, -0.18, 1.55, 0, 1, 0, 0, 0, 1, 0, 1, 0, 1, 0, 0, 0, 1, 0, 1
54, 2820, "Sharing a room with someone has always been unbearable for me.", 0.17, -0.15, -1.76, 0.62, 0.67, 0.48, -0.87, -0.03, -0.09, 1.98, -0.48, 0.49, -0.18, -0.71, -1.84, 1.66, 1, 0, 0, 1, 1, 1, 0, 0, 0, 1, 0, 1, 0, 0, 0, 1
55, 2821, "I would like to try sport-climbing.", 1.13, -1.35, -0.13, -1.39, -1.31, 0.08, 2.59, 0.32, 0.39, -1.11, 0.66, 0.12, 0.64, -0.29, -0.23, -0.13, 1, 0, 0, 0, 0, 1, 1, 1, 1, 0, 1, 1, 1, 0, 0, 0
56, 19609, "Heroic-revolutionary romanticism.", 1.59, -1.21, -0.10, 0.96, 1.09, -0.09, 1.07, 0.93, 0.48, -1.56, 0.62, -0.55, -1.17, 0.04, -0.32, -1.75, 1, 0, 0, 1, 1, 0, 1, 1, 1, 0, 1, 0, 0, 1, 0, 0
57, 5629, "Creating monetary reserves, 'rainy day' funds.", -0.53, -1.45, -0.36, 0.61, -0.25, 1.50, -1.11, -0.98, -0.34, 1.11, 1.81, 0.65, 1.07, 0.27, -1.43, -0.57, 0, 0, 0, 1, 0, 1, 0, 0, 0, 1, 1, 1, 1, 1, 0, 0
58, 12353, "Sentimentality.", -0.69, 1.06, 1.10, 0.50, 1.13, -1.23, -1.25, 1.44, -0.04, -1.90, -0.66, 1.07, 0.08, 0.16, 0.32, -1.09, 0, 1, 1, 1, 1, 0, 0, 1, 0, 0, 0, 1, 1, 1, 1, 0
59, 2824, "I have a vivid imagination, so sometimes the outside world disappears for me for periods of time and ceases to exist.", 1.24, -1.18, -0.57, 0.96, 0.67, -0.68, -1.80, 1.59, -1.11, 1.17, 0.60, -0.93, -1.17, 0.55, 0.90, -1.04, 1, 0, 0, 1, 1, 0, 0, 1, 0, 1, 1, 0, 0, 1, 1, 0
60, 2827, "I'm not very perceptive of other people's feelings.", 1.16, -0.96, -0.04, 0.07, -0.62, 1.35, 0.87, -1.28, -0.62, 1.32, 0.89, -1.28, -0.22, -0.95, -1.27, 1.47, 1, 0, 0, 1, 0, 1, 1, 0, 0, 1, 1, 0, 0, 0, 0, 1
61, 2828, "When I look at someone, I often involuntarily notice whether the material of their clothing 'breathes', whether it fits properly, and whether it's too tight.", -0.84, 0.75, 1.42, -1.08, -1.08, -0.04, 0.36, -0.15, 0.63, 0.23, -1.63, -0.38, 1.62, -0.65, -0.93, 1.75, 0, 1, 1, 0, 0, 0, 1, 0, 1, 1, 0, 0, 1, 0, 0, 1
62, 2824, "I'm impatient, and I immediately put any task I like into practice.", 0.50, -1.24, 1.53, -1.43, 0.50, -0.22, 1.35, -1.48, 0.41, -0.68, 1.65, -0.79, 0.94, -0.76, -0.28, 0.00, 1, 0, 1, 0, 1, 0, 1, 0, 1, 0, 1, 0, 1, 0, 0, 0
63, 2828, "Generally speaking, I'm a proponent of radical and 'global' organisational solutions - both in my own work, in any productive setting, and in public life.", 1.41, -2.06, -0.09, 0.73, -0.16, 0.24, 1.59, 0.40, 0.29, -0.72, 1.46, -0.02, 0.25, -1.17, -1.00, -1.14, 1, 0, 0, 1, 0, 1, 1, 1, 1, 0, 1, 0, 1, 0, 0, 0
64, 2830, "I'd rather leave my descendants a beautiful and comfortable house than a pile of clever books with discoveries and revelations.", -1.49, 1.04, 0.79, -2.21, -0.96, 0.29, 0.49, -0.83, 0.78, -0.25, 0.22, 0.85, 1.09, -0.45, -0.72, 1.37, 0, 1, 1, 0, 0, 1, 1, 0, 1, 0, 1, 1, 1, 0, 0, 1
65, 2830, "I'm an open person, without any 'secrets'.", 1.38, 1.13, 0.93, -0.40, -0.31, -0.44, 0.02, -1.71, 0.27, -2.10, 0.24, -0.66, 1.33, -0.61, 1.17, -0.25, 1, 1, 1, 0, 0, 0, 1, 0, 1, 0, 1, 0, 1, 0, 1, 0
66, 2830, "I sometimes experience a feeling of heaviness in my chest, with a sensation that it's difficult to breathe, or at least not entirely  easy - that is, without the usual lightness and imperceptibility of breathing to myself.", -0.04, -0.93, 0.14, -1.25, 1.27, -0.90, -1.01, 0.41, -0.92, 1.53, -0.04, 1.01, -1.51, 1.81, 0.39, 0.06, 0, 0, 1, 0, 1, 0, 0, 1, 0, 1, 0, 1, 0, 1, 1, 1
67, 2835, "I often feel unwell and am therefore irritable.", 0.16, 1.86, -0.31, 0.42, 2.44, -1.84, -1.04, 0.31, -0.29, -0.10, -0.19, -0.99, -0.59, 0.44, -0.15, -0.14, 1, 1, 0, 1, 1, 0, 0, 1, 0, 0, 0, 0, 0, 1, 0, 0
68, 2843, "I love sorting all kinds of miscellaneous information into categories.", 1.07, -0.70, -0.14, 1.93, 0.06, 1.80, -1.03, -1.21, -1.32, 0.29, 0.32, -0.58, 1.05, 0.10, -1.06, -0.57, 1, 0, 0, 1, 1, 1, 0, 0, 0, 1, 1, 0, 1, 1, 0, 0
69, 2831, "I'm skeptical of compliments.", 0.51, -0.83, -2.57, 0.24, -0.12, 0.36, 0.27, 0.09, -1.85, 1.73, 0.24, 0.57, 0.48, 0.73, -0.48, 0.63, 1, 0, 0, 1, 0, 1, 1, 1, 0, 1, 1, 1, 1, 1, 0, 1
70, 2831, "I often enjoy being a bit mischevious, playing pranks and jokes and provoking peopole to laugh.", -0.41, -0.42, 1.55, -0.58, -0.19, -1.03, -1.11, 1.44, 0.75, -0.43, 0.55, -1.64, 0.02, -1.86, 0.94, -0.62, 0, 0, 1, 0, 0, 0, 0, 1, 1, 0, 1, 0, 1, 0, 1, 0
71, 2832, "I'd love to ride a motorcycle or drive a race car at top speed.", 0.94, -1.04, 0.13, -1.09, -0.39, -0.78, 2.01, 1.79, 0.57, -0.51, 1.25, -0.72, -0.52, -0.76, -1.13, 0.25, 1, 0, 1, 0, 0, 0, 1, 1, 1, 0, 1, 0, 0, 0, 0, 1
72, 2840, "My voice is characterised by pronounced intonation; I always emphasise the meaning of my speech by raising and lowering the pitch of my voice, and by changing its tempo and volume.", -0.82, 0.33, 2.00, -0.93, 1.48, -0.92, 0.09, 0.72, 1.17, -1.07, -0.75, -0.26, 0.32, -0.75, 0.87, -1.48, 0, 1, 1, 0, 1, 0, 1, 1, 1, 0, 0, 0, 1, 0, 1, 0
73, 2833, "I live by the principle: I owe no one, and no one owes me.", 0.51, 0.24, -1.16, 0.79, -1.27, 0.52, 0.29, -0.26, -0.05, 1.77, 0.63, -0.08, -1.16, -1.88, -0.58, 1.70, 1, 0, 1, 1, 0, 1, 1, 0, 0, 1, 1, 0, 0, 0, 0, 1
74, 2843, "I often change my goals, 'juggling' them as I work, which allows me to always achieve something effectively.", 1.25, -0.63, -0.59, -0.48, -0.21, -2.12, 0.46, -0.55, 0.51, 0.60, 1.49, -1.41, 1.03, -0.58, 1.47, -0.24, 1, 0, 0, 0, 0, 0, 1, 0, 1, 1, 1, 0, 1, 0, 1, 0
75, 2845, "I always notice any changes in the relationships of my acquaintances.", -1.50, 0.98, 0.76, -1.16, 0.69, -0.42, -0.83, 0.36, 1.42, -0.37, -1.85, 1.55, -1.05, 0.99, 1.06, -1.14, 0, 1, 1, 0, 1, 0, 1, 0, 1, 0, 0, 1, 0, 1, 0, 1
76, 2849, "I always take my responsibilities very seriously.", -0.83, -0.70, 1.07, 0.16, 0.34, 1.24, -1.02, -1.26, -1.23, -0.58, 1.13, 1.24, 1.70, 0.49, -1.07, -0.62, 0, 0, 1, 1, 1, 1, 0, 0, 0, 0, 1, 1, 1, 1, 0, 0
77, 2853, "My motivations are always strong and promising, therefore very engaging and compelling.", 0.53, -1.74, 1.54, -0.02, 0.74, 0.04, 0.83, -1.34, 0.41, -1.06, 1.83, -0.87, 0.48, -0.04, -0.03, -1.32, 1, 0, 1, 0, 1, 1, 1, 0, 1, 0, 1, 0, 0, 1, 0, 0
78, 2851, "I'm always wary of losses, setbacks, and failures, and I devote a lot of thought and attention to insurance matters.", -1.42, -0.36, 0.42, 0.93, -0.13, 1.32, -1.77, -0.61, -0.71, 0.99, 0.23, 1.26, 1.10, 0.92, -1.22, -0.93, 0, 0, 1, 1, 0, 1, 0, 0, 0, 1, 1, 1, 1, 1, 0, 0
79, 2843, "I'm more internally changeable than internally consistent.", 0.86, 0.48, 0.37, -1.09, 1.07, -2.69, 0.24, 1.23, 0.21, 0.07, -0.11, -1.19, -0.31, 0.45, 1.19, -0.77, 1, 1, 1, 0, 1, 0, 1, 1, 1, 1, 0, 0, 0, 1, 1, 0
80, 2847, "I easily grasp the most important aspects of the inner essence of any object.",  1.18, -0.54, -1.23, 0.90, 0.69, -0.20, -0.65, -1.69, -0.20, 1.29, 1.72, -0.44, 0.35, -0.34, 0.74, -1.59, 1, 0, 0, 1, 1, 0, 0, 0, 0, 1, 1, 0, 1, 0, 1, 0
81, 2862, "I'm easily hurt by careless words.", -0.14, 0.37, 0.29, 0.50, 1.38, -1.20, -1.65, 1.23, -0.85, -1.55, 0.16, 1.89, 0.32, 0.54, -0.71, -0.57, 0, 1, 1, 1, 1, 0, 0, 1, 0, 0, 1, 1, 1, 1, 0, 0
82, 2856, "I am fastidous and irritably tolerant of everything bad, stupid, and knowingly wrong.", 0.01, -0.97, 0.55, 1.47, 1.22, 0.84, -0.72, -1.14, -0.71, -1.36, -0.65, 0.93, 1.67, -1.15, -0.63, 0.65, 1, 0, 1, 1, 1, 1, 0, 0, 0, 0, 0, 1, 1, 0, 0, 1
83, 2863, "Avoiding negative emotions is more important to me than receiving positive ones.", -1.22, 0.35, -1.07, 0.84, -1.34, 0.11, -1.48, -0.11, -0.26, 1.04, -0.63, 1.15, 0.62, 1.48, -0.95, 1.46, 0, 1, 0, 1, 0, 1, 0, 0, 0, 1, 0, 1, 1, 1, 0, 1
84, 2846, "I have a good sense of the 'button' to push in each individual to get them to do what I need.", -1.64, -0.41, 0.21, -1.35, 1.26, -0.02, -0.70, 1.03, 1.94, 0.36, -0.42, 0.33, -0.39, -0.23, 1.37, -1.36, 0, 0, 1, 0, 1, 0, 0, 1, 1, 1, 0, 1, 0, 0, 1, 0
85, 2861, "I often engage in spiritual self-flagellation.", 0.41, -0.48, -0.81, -0.76, 1.12, -0.31, -0.96, 1.49, -0.74, 0.42, -0.61, 0.98, -0.18, 2.37, -0.58, -1.36, 1, 0, 0, 0, 1, 0, 0, 1, 0, 1, 0, 1, 0, 1, 0, 0
86, 2865, "I have aggressive-impulsive traits.", 0.90, -1.32, 0.31, -2.30, 1.15, -0.18, 1.42, 0.11, 0.86, -0.64, -0.02, 1.31, 0.20, -1.26, -0.36, -0.17, 1, 0, 1, 0, 1, 0, 1, 1, 1, 0, 0, 1, 1, 0, 0, 0
87, 2865, "I would enjoy streamlining document management in large companies.", -0.70, 0.39, -0.13, 0.69, -0.64, 2.47, -0.56, -1.49, -1.25, 0.55, 0.71, 0.48, 0.96, 0.28, -1.47, -0.29, 0, 1, 0, 1, 0, 1, 0, 0, 0, 1, 1, 1, 1, 1, 0, 0
88, 2862, "I rarely change my pre-palanned course of action, even when faced with unforseen circumstances.", -1.28, -1.30, 0.22, 1.08, 0.57, 1.94, -0.27, -0.05, -0.68, -0.80, 0.43, 1.25, 0.58, 0.82, -2.66, -0.82, 0, 0, 1, 1, 1, 1, 0, 0, 0, 0, 1, 1, 1, 1, 0, 0
89, 2866, "I possess the gift of charming those around me and convincing them of a truth through the sheer power of my charisma and suggestion.", -1.02, -0.07, 1.67, -1.29, 1.37, -0.20, -0.53, 0.69, 1.84, -0.53, -0.14, -0.45, -0.86, -0.36, 1.18, -1.29, 0, 0, 1, 0, 1, 0, 0, 1, 1, 0, 0, 0, 0, 0, 1, 0
90, 2866, "I have a rapid speech rate; my words are fast and often seem to 'run into' each other.", 1.37, -1.47, 0.56, -1.03, 0.83, -0.99, 0.34, -0.60, 0.01, -0.57, 0.97, -1.02, 1.37, -0.68, 1.76, -0.84, 1, 0, 1, 0, 1, 0, 1, 0, 1, 0, 1, 0, 1, 0, 1, 0
91, 2873, "I find it difficult to read another person's mood from their eyes and facial expressions.", 1.50, -0.51, 0.32, 0.61, -0.81, 1.06, 0.35, -1.04, -1.12, 0.77, 0.84, -1.71, 0.58, -0.77, -1.38, 1.31, 1, 0, 1, 1, 0, 1, 1, 0, 0, 1, 1, 0, 1, 0, 0, 1
92, 2869, "My speech contains many adjectives.", -0.68, 1.10, 1.72, -0.14, 1.19, -0.46, -1.06, 1.07, 0.90, -0.70, -1.27, 0.19, -1.35, -0.22, 0.99, -1.29, 0, 1, 1, 0, 1, 0, 0, 1, 1, 0, 0, 1, 0, 0, 1, 0
93, 2872, "Food rarely stimulates my apetite; often it seems almost tasteless.", 0.44, -1.87, -1.81, 1.25, 1.00, 0.75, -0.24, -0.14, -1.20, 0.64, 1.23, -0.77, -0.83, 0.90, 0.61, 0.04, 1, 0, 0, 1, 1, 1, 0, 0, 0, 1, 1, 0, 0, 1, 1, 0
94, 2873, "What irritates me most about other people is: 1) Their indifference 2) Their shamelessness and lack of conscience. (Positive values indicate the second pole, and  negative values indicate the first pole.)", -1.16, 0.02, -0.26, -0.38, -1.25, 0.97, -1.58, -1.24, -1.01, 0.52, 0.33, 1.18, 0.85, 1.39, 0.04, 1.58, 0, 1, 0, 0, 0, 1, 0, 0, 0, 1, 1, 1, 1, 1, 1, 1
95, 2874, "I find it very difficult to tear myself away from the pleasure I've begun to experience.", 1.06, 1.16, 0.65, -2.04, -0.13, -1.29, -0.51, 0.31, 1.47, -0.44, -1.14, -0.12, 0.65, -0.96, -0.07, 1.40, 1, 1, 1, 0, 0, 0, 0, 1, 1, 0, 0, 0, 1, 0, 0, 1
96, 2875, "I know how to hype up what I want to sell.", 0.11, -0.31, 0.75, -1.30, 0.81, -0.51, 0.41, -0.41, 1.81, -0.46, 0.79, -1.46, 1.39, -1.40, 0.96, -1.16, 1, 0, 1, 0, 1, 0, 1, 0, 1, 0, 1, 0, 1, 0, 1, 0
97, 2877, "The emblem on my userpic could easily be a snake; it has some useful character traits.", -0.17, -0.62, -1.26, -1.83, 0.48, 1.19, 0.45, 0.35, 0.97, 2.17, 0.98, -1.00, -0.09, -0.58, -0.85, -0.17, 0, 0, 0, 0, 1, 1, 1, 1, 1, 1, 1, 0, 0, 0, 0, 0
98, 2906, "I don't like fussing with small details, so I usually try to 'shoehorn' them into some general rule, even if they don't quite fit.", -0.26, 0.77, -1.72, 0.91, 1.07, -0.79, 0.98, 1.13, 0.07, -2.14, 1.22, -0.19, -1.17, 0.03, 0.26, -0.15, 0, 1, 0, 1, 1, 0, 1, 1, 1, 0, 1, 0, 0, 1, 1, 0
99, 2889, "The world is built on specifics, so I'm always very attentive to the small details of this world.", -0.39, 0.69, 1.41, -1.67, -1.10, 0.52, -1.03, -0.51, 0.65, 1.24, -1.31, 0.59, 1.08, 1.07, -1.20, -0.07, 0, 1, 1, 0, 0, 1, 0, 0, 1, 1, 0, 1, 1, 1, 0, 0
100, 2884, "I love taking on challenges and problems, so that they 'drive' me and don't allow me to get bored or complacent.", 1.38, -1.83, -0.10, -0.01, 0.14, -0.04, 1.26, -1.89, 0.01, -0.59, 1.44, -0.91, 1.39, 0.29, 0.04, -0.57, 1, 0, 0, 0, 1, 0, 1, 0, 1, 0, 1, 0, 1, 1, 1, 0
101, 2886, "I often find it difficult to motivate myself and concentrate on completing tasks that are important to me.", 0.54, 1.20, -0.35, 0.16, -0.60, -1.19, -0.51, 1.30, -0.50, 1.35, -1.56, -1.15, -1.31, 0.29, 1.22, 1.12, 1, 1, 0, 1, 0, 0, 0, 1, 0, 1, 0, 0, 0, 1, 1, 1
102, 2899, "I'm always bluntly harsh with those who violate discipline; I'm quite good at giving 'verbal dressing-downs'.", -0.01, -1.63, 1.02, -1.19, 0.19, 1.45, 1.17, -0.32, 0.86, -0.58, -0.27, 1.00, 1.30, -1.56, -0.77, -0.65, 0, 0, 1, 0, 1, 0, 0, 1, 1, 0, 0, 1, 1, 0, 0, 0
103, 2907, "I would ban the sale of any computer shooting games where the player is offered the role of a gangster and is encouraged to deal with peaceful inhabitants of the game in various ways (running them over with a car, shooting them, etc.).", -1.07, -1.17, 1.83, 0.35, 0.55, -0.58, -1.13, -0.25, -0.36, -1.90, 0.13, 1.37, 0.01, 1.45, 0.42, 0.35, 0, 0, 1, 1, 1, 0, 0, 0, 0, 0, 1, 1, 1, 1, 1, 1
104, 2913, "I would prefer to change any social structure quietly and gradually, rather than radically.", -1.73, 1.65, 0.40, 0.02, -1.10, 0.33, -1.27, -0.62, -1.60, 0.96, 0.51, -0.03, -0.05, 1.15, 0.05, 1.33, 0, 1, 1, 1, 0, 1, 0, 0, 0, 1, 1, 0, 0, 1, 1, 1
105, 2900, "Sometimes, fools get angry because I'm late or don't show up at all.", 1.20, 0.04, -0.41, 0.06, -0.25, -1.21, 0.98, 0.46, 1.30, 0.62, -0.76, -2.29, -0.14, -1.40, 0.59, 1.21, 1, 1, 0, 1, 0, 0, 1, 1, 1, 1, 0, 0, 0, 0, 1, 1
106,2904,"I'm more of a 'radical,' a proponent of extreme solutions, than a moderate and supporter of gradual change.",1.49,-1.02,-0.24,0.16,1.50,0.12,2.05,-0.19,1.17,-1.11,-0.58,-0.77,-0.02,-1.19,-0.28,-1.07,1,0,0,1,1,1,1,0,1,0,0,0,0,0,0,0
107,2914,"I easily dismiss everything that's no longer relevant, everything that's passed.",0.00,1.33,-0.87,0.30,-1.56,0.56,0.64,-1.82,1.22,-0.45,0.53,-0.16,-0.12,-1.57,0.51,1.48,0,1,0,1,0,1,1,0,1,0,1,0,0,0,1,1
108,2909,"I usually have anxious, sad eyes.",-0.43,-1.03,-1.06,0.72,0.58,-0.32,-0.57,0.75,-1.45,1.26,-0.26,0.48,-1.34,2.29,-0.40,0.78,0,0,0,1,1,0,0,1,0,1,0,1,0,1,0,1
109,2909,"I like most of the people I know.",0.29,0.65,2.27,-0.93,-1.40,0.28,-0.81,-0.63,0.25,-1.64,0.41,-1.10,-0.10,0.91,1.12,0.42,1,1,1,0,0,1,0,0,1,0,1,0,0,1,1,1
110,2906,"Instead of dancing and socializing, I prefer listening to serious classical music.",0.14,-0.68,-1.50,2.08,-0.41,1.32,0.06,0.64,-1.64,0.74,-1.03,-0.14,-0.83,1.06,-0.40,0.58,1,0,0,1,0,1,1,1,0,1,0,0,0,1,0,1
111,2891,"My mood is usually dominated by positive emotions, coloring the world with feelings of brotherly love.",0.40,0.39,2.01,-0.52,-1.60,0.27,-0.83,0.17,0.21,-1.89,1.22,-0.96,-0.28,0.53,1.23,-0.36,1,1,1,0,0,1,0,1,1,0,1,0,0,1,1,0
112,2891,"I'm better than anyone else at making an impression and 'putting on a show'.",-0.09,-0.50,0.03,-1.05,1.79,-0.91,-0.84,-0.38,1.82,-0.17,0.68,-1.29,1.01,-0.96,1.42,-0.56,0,0,1,0,1,0,0,0,1,0,1,0,1,0,1,0
113,2883,"I have more respect for works of art that have stood the test of time.",-1.66,0.01,-0.16,-0.15,1.81,2.40,-0.16,-0.05,-1.08,-1.29,0.52,0.56,-0.65,-0.11,-0.38,0.39,0,1,0,0,1,1,0,0,0,0,1,1,0,0,0,1
114,2881,"Safety is usually more valuable than various freedoms.",-1.59,0.88,0.37,-1.23,0.08,1.59,-0.81,0.05,-1.86,0.05,-0.14,0.42,1.68,-0.73,0.42,0.83,0,1,1,0,1,1,0,1,0,1,0,1,1,0,1,1
115,2943,"I often automatically take a pencil, hairpin, or notebook offered to me with my left hand.",0.04,-2.12,0.92,0.89,-0.17,-0.05,-0.65,0.84,0.48,1.14,1.04,-1.65,-1.47,0.40,-0.52,0.88,1,0,1,1,0,0,0,1,1,1,1,0,0,1,0,1
116,2918,"I usually rely not on official channels or my own assertiveness, but on the patronage of friends and acquaintances.",-1.40,2.44,0.45,0.11,0.79,-0.83,-0.90,0.75,0.28,-0.20,-0.77,-1.42,-1.14,0.70,0.72,0.41,0,1,1,1,1,0,0,1,1,0,0,0,0,1,1,1
117,2924,"I enjoy listening to people and relieving their emotional tension.",-0.38,1.27,0.86,-1.14,0.00,-0.05,-1.09,0.26,1.21,-0.97,-1.36,0.92,-0.78,1.65,0.90,-1.30,0,1,1,0,0,0,0,1,1,0,0,1,0,1,1,0
118,2918,"If someone in front of me stumbles, sometimes I automatically stumble after them.",0.13,-1.05,0.31,1.12,0.31,-1.11,-1.40,1.00,-1.09,-0.12,0.98,-1.27,0.25,1.56,1.39,-1.01,1,0,1,1,1,0,0,1,0,0,1,0,1,1,1,0
119,2916,"I often experience repetitive, persistent intrusive thoughts (so-called 'thought chewing gum') that are almost impossible to get rid of.",0.82,-0.41,-0.72,0.04,0.79,-0.75,-1.36,1.74,-0.49,0.86,0.54,0.96,-0.57,1.41,-1.45,-1.41,1,0,0,1,1,0,0,1,0,1,1,1,0,1,0,0
120,2917,"My body muscles are always relaxed at a normal 'baseline'; it even requires some willpower to 'gather' and tense them.",0.01,1.25,-0.97,0.84,-0.85,-0.47,-1.17,0.55,0.07,1.17,-0.66,-1.00,-1.51,0.32,0.19,2.22,1,1,0,1,0,0,0,1,1,1,0,0,0,1,1,1
121,2921,"I have a vivid and colorful visual imagination, in which I can play out entire storylines that unfold over time, as if I were sitting in the audience of a theater.",0.61,-1.24,0.94,-0.88,0.84,-0.80,-1.14,1.57,-0.59,1.47,0.88,-1.32,0.02,-0.18,0.96,-1.15,1,0,1,0,1,0,0,1,0,1,1,0,1,0,1,0
122,2931,"I easily and readily generalize; I love all sorts of 'global' ideas and concepts, but excessive detail often weighs me down and tires me out. I simply don't understand why it's necessary and quickly lose interest in it.",1.25,-0.70,-1.19,1.95,0.88,-1.51,-0.13,0.48,0.09,-0.34,0.66,-1.28,-1.03,0.31,1.26,-0.68,1,0,0,1,1,0,0,1,1,0,1,0,0,1,1,0
123,2932,"My logical reasoning is always flawless and precise.",1.10,-0.81,-0.67,1.67,-0.64,0.58,0.39,-1.43,-1.09,0.71,0.90,-1.27,1.54,-0.78,-0.74,0.55,1,0,0,1,0,1,1,0,0,1,1,0,1,0,0,1
124,2932,"I often feel like a victim of circumstances and feel powerless to change anything.",-0.43,1.91,-0.87,0.64,0.89,-1.26,-0.78,0.21,-1.53,0.69,-1.05,0.17,-1.01,1.63,0.52,0.28,0,1,0,1,1,0,0,1,0,1,0,1,0,1,1,1
125,2933,"My usual state is a feeling of active upliftment with a sense of complete control over the situation and security.",0.34,-0.68,1.43,-0.60,-1.00,0.94,0.85,-1.40,0.89,-1.51,0.78,-0.95,1.29,-1.32,0.52,0.42,1,0,1,0,0,1,1,0,1,0,1,0,1,0,1,1
126,2927,"I'm more phlegmatic than excitable.",-0.74,0.34,-1.00,1.56,-1.55,1.52,-0.40,0.58,-0.69,1.09,-0.56,0.10,-0.93,0.55,-1.26,1.39,0,1,0,1,0,1,0,1,0,1,0,1,0,1,0,1
127,2932,"I'm more interested in participating in debates to see who will prevail, rather than in gaining information.",-1.53,0.30,-0.32,-0.78,1.38,-0.26,2.07,0.70,1.49,-1.20,-0.47,0.68,-1.03,-0.42,0.11,-0.72,0,1,0,0,1,0,1,1,1,0,0,1,0,0,1,0
128,2934,"I often find myself in a state of inactive depression.",0.08,1.25,-1.73,0.17,-0.41,-0.61,-0.74,1.79,0.57,1.12,-1.17,1.06,-1.19,0.78,-0.99,0.04,1,1,0,1,0,0,0,1,1,1,0,1,0,1,0,1
129,2930,"Sex, food, good resorts, fashionable clothes, a prestigious house, a healthy body - these are the core values of my life.",-1.06,1.21,1.34,-1.05,-0.10,0.13,0.15,0.05,1.46,-0.87,0.07,-0.57,1.67,-1.54,-1.36,0.46,0,1,1,0,0,1,1,1,1,0,1,0,1,0,0,1
130,2932,"I've almost always had a trusting attitude towards other people.",0.77,1.82,1.60,-0.17,-1.35,-0.56,-0.53,-0.03,-0.80,-1.77,0.82,-0.48,-0.68,1.19,0.58,-0.41,1,1,1,0,0,0,0,0,0,0,1,0,0,1,1,0
131,2940,"I have a very highly developed research instinct.",2.10,-1.41,-0.56,1.74,-0.36,-0.18,0.17,-1.04,-0.84,0.63,1.02,-1.43,0.67,0.06,0.05,-0.60,1,0,0,1,0,0,1,0,0,1,1,0,1,1,1,0
132,2925,"I'm good at resolving problems by waiting them out and 'letting them slide'.",-0.64,1.49,-1.57,1.12,-0.94,-0.48,-0.95,1.06,-0.03,1.61,-0.68,-0.76,-1.00,-0.07,0.61,1.22,0,1,0,1,0,0,0,1,0,1,0,0,0,0,1,1
133,2927,"The best way to motivate people to work well in production is through fines and deductions from their salaries.",-1.60,-0.44,-1.47,-0.57,0.47,2.33,1.62,-0.01,-0.29,0.15,0.45,1.03,-0.07,-0.48,-0.89,-0.24,0,0,0,0,1,1,1,0,0,1,1,1,0,0,0,0
134,2943,"I often take on too much in the heat of enthusiasm and energy.",1.66,-0.32,0.86,-0.76,0.72,-1.33,1.38,-0.65,0.18,-1.85,0.56,-0.97,0.99,-0.45,0.80,-0.81,1,0,1,0,1,0,1,0,1,0,1,0,1,0,1,0\\
135,2943,"People who are indifferent to their country's sporting victories arouse my dislike.",-1.67,-0.60,0.47,-0.22,0.97,1.13,1.06,0.36,-0.83,-1.88,-0.43,-1.21,1.57,0.25,0.75,0.28,0,0,1,0,1,1,1,1,0,0,0,0,1,1,1,1
136,2947,"Even if I wanted to, I find it difficult to speak in long, fluent sentences, and I also have trouble understanding other people's fluent speech.",-0.93,0.90,-0.82,0.85,-0.82,1.10,-0.28,1.12,-0.85,-0.01,-1.00,0.97,-1.56,1.08,-1.20,1.43,0,1,0,1,0,1,0,1,0,0,0,1,0,1,0,1
137,2948,"I readily take on challenging tasks that present an emotional challenge, and I dedicate myself to them with passion, forgetting about food and rest.",1.53,-1.54,0.25,-0.06,0.76,-0.38,1.57,-0.50,0.31,-1.77,0.89,-0.75,0.73,-0.12,0.59,-1.51,1,0,1,0,1,0,1,0,1,0,1,0,1,0,1,0
138,2945,"Sometimes I quickly press something 'wrong' without thinking.",1.46,-1.15,-0.16,-1.80,0.57,-1.68,0.00,0.82,-0.07,-0.30,0.77,-0.94,0.61,-0.30,1.82,0.34,1,0,0,0,1,0,0,1,0,0,1,0,1,0,1,1
139,2947,"I get into a bad mood easily, and it can last for several days.",-0.25,0.19,-0.07,-0.13,0.74,-1.05,0.33,1.69,-0.70,1.66,-1.61,0.82,-0.72,1.32,-0.94,-1.28,0,1,0,0,1,0,1,1,0,1,0,1,0,1,0,0
140,2949,"I always subtly and unobtrusively monitor the actions of my loved ones.",-1.95,-0.25,0.05,-1.42,0.98,0.13,1.10,-1.03,1.29,-0.11,0.21,2.02,0.29,0.00,-0.45,-0.88,0,0,1,0,1,1,1,0,1,0,1,1,1,0,0,0
141,2950,"I would be very well-suited to working in the restaurant or hotel business, as a housekeeper, waiter, bartender, or tour operator.",-0.65,2.21,1.32,-2.15,-0.20,0.39,-0.16,0.01,1.31,-1.01,0.05,-0.22,0.67,-0.73,-0.43,-0.38,0,1,1,0,0,1,0,1,1,0,1,0,1,0,0,0
142,2952,"I'm good at harmonizing relationships within a team.",-1.36,0.98,1.24,-1.05,0.09,-0.56,-1.34,-0.21,1.65,-0.57,-0.29,-0.20,0.05,1.43,1.32,-1.19,0,1,1,0,1,0,0,0,1,0,0,0,1,1,1,0
143,2955,"I often find myself raising my voice when talking to people.",1.30,-0.32,0.59,-0.55,1.48,-0.43,1.42,0.08,0.71,-1.55,-0.40,-0.50,1.11,-1.88,-0.03,-1.03,1,0,1,0,1,0,1,1,1,0,0,0,1,0,0,0
144,2956,"My own fantasies and sudden insights often 'derail' me from a thought I've already started or a consideration I'm expressing aloud.",1.39,0.14,0.51,0.63,-0.17,-1.09,-0.41,1.11,-1.35,1.07,0.41,-1.93,-1.62,1.00,0.50,-0.21,1,1,1,1,0,0,0,1,0,1,1,0,0,1,1,0
145,2951,"When I'm nervous, my hands start to feel awkward; I start thinking about them, not knowing what to do with them.",1.12,-0.49,-1.45,-0.07,0.94,-0.45,-1.68,0.78,-0.77,0.27,0.72,-1.05,-0.08,2.16,-0.64,0.71,1,0,0,0,1,0,0,1,0,1,1,0,0,1,0,1
146,2949,"Sometimes I'm like a silent, impenetrable wall.",-0.16,-0.09,-1.30,0.59,-1.84,1.29,0.94,0.73,-1.20,1.59,-0.38,0.78,-0.56,0.11,-1.32,0.83,0,0,0,1,0,1,1,1,0,1,0,1,0,1,0,1
147,2949,"I would find the work of a coordinator organizing the implementation of innovations more appealing and suitable than most other people.",0.90,-1.09,0.31,0.25,0.20,-0.70,0.74,-1.97,-0.45,0.18,1.90,-1.65,1.34,-0.22,0.61,-0.34,1,0,1,1,1,0,1,0,0,1,0,0,1,0,1,0
148,2951,"The profession of historical researcher would suit me very well.",1.61,-0.89,-1.37,1.89,0.60,0.78,-0.97,-0.59,-0.92,0.90,0.64,-1.38,0.35,0.12,0.12,-0.89,1,0,0,1,1,1,0,0,0,1,1,0,1,1,1,0
149,2953,"I constantly feel that time is a crucial resource, and I specifically rationalize and plan its use.",-0.58,-1.55,0.26,0.71,1.08,0.65,-0.54,-0.94,-0.90,0.08,2.46,0.19,0.76,0.38,-0.73,-1.33,0,0,1,1,1,1,0,0,0,1,1,1,1,1,0,0
150,2961,"I find it difficult to refuse someone's request and difficult to get a subordinate to do their job properly.",-0.40,1.23,0.75,1.30,-0.80,-0.52,-0.40,0.37,-1.66,0.35,-0.17,-1.10,-1.29,2.26,0.03,0.07,0,1,1,1,0,0,0,1,0,1,0,0,0,1,1,1
151,2951,"I can easily navigate blueprints and visualize objects in three-dimensional space based on them.",1.06,0.25,0.02,1.15,-1.57,0.78,0.93,-0.54,-0.80,0.31,-0.03,-1.22,1.53,-1.05,-1.68,0.87,1,1,1,1,0,1,1,0,0,1,0,0,1,0,0,1
152,2960,"Among other peoples, I most respect those who know how to act in a coordinated way, as a single unit.",-1.22,-0.15,0.81,-0.58,0.34,1.89,0.60,0.84,-1.53,-2.00,-1.10,0.28,0.46,0.28,0.86,0.24,0,0,1,0,1,1,1,1,0,0,0,1,1,1,1,1
153,2965,"My self-confidence allows me to succeed in seemingly hopeless situations.",0.71,-1.40,-0.58,-0.75,0.42,0.19,0.68,-0.70,1.34,-1.17,1.66,0.58,1.35,-1.68,0.11,-0.75,1,0,0,0,1,1,1,0,1,0,1,1,1,0,1,0
154,2964,"I have a knack for finding something special and unusual in even the most seemingly ordinary things.",1.45,0.21,-0.03,0.38,0.52,-1.08,-1.02,0.45,-1.30,0.41,0.58,-1.03,-1.61,0.61,2.10,-0.63,1,1,0,1,1,0,0,1,0,1,1,0,0,1,1,0
155,2962,"I can stand or sit still for a long time without any problems, if necessary.",-0.91,1.08,-0.56,0.93,-1.36,1.88,-0.05,0.74,-0.35,1.00,-1.22,0.82,-1.09,0.53,-1.47,0.00,0,1,0,1,0,1,0,1,0,1,0,1,0,1,0,0
156,2962,"When I speak aloud, my sentences come out a little awkward; it's difficult for me to translate my thoughts into a fully developed external expression.",0.26,-0.25,-1.02,-0.04,-1.59,0.66,-0.80,2.09,-1.19,0.52,-0.18,1.11,-1.34,1.12,-0.26,0.90,1,0,0,0,0,1,0,1,0,1,0,1,0,1,0,1
157,2965,"I find it difficult to turn my body quickly and sharply in response to someone's voice.",0.20,-0.55,-2.29,1.64,0.44,0.24,-1.76,0.48,-0.23,0.75,0.45,-0.30,-0.64,1.54,-0.48,0.50,1,0,0,1,1,1,0,1,0,1,1,0,0,1,0,1
158,2966,"I always dress fashionably.",-1.77,-0.44,1.18,-0.79,1.02,-0.25,-1.26,0.58,2.22,-0.98,0.33,0.05,1.04,-0.24,0.02,-0.72,0,0,1,0,1,0,0,1,1,0,1,0,1,0,1,0
159,2967,"I'm generous with feasts; I love organizing rest and entertainment for my friends.",0.04,1.60,2.33,-1.34,-0.61,-0.47,0.84,-0.88,0.71,-1.30,-0.46,-0.90,0.58,-0.14,0.56,-0.56,1,1,1,0,0,0,1,0,1,0,1,0,1,0,1,0
160,2970,"I don't like the atmosphere of intense competitive work; it's unpleasant for me.",-0.02,1.74,-0.54,1.43,-0.82,-0.56,-1.59,0.56,-0.91,-0.08,-2.03,0.69,0.64,0.18,0.48,0.84,0,1,0,1,0,0,0,1,0,0,0,1,1,1,1,1
161,2971,"Most members of the opposite sex find me attractive.",-1.04,0.85,1.52,-1.52,1.05,-0.09,0.16,0.13,1.74,-1.82,0.16,-0.27,0.50,-1.23,0.25,-0.40,0,1,1,0,1,0,1,1,1,0,1,0,1,0,1,0
162,2969,"I'm usually relaxed and disorganized; I find it difficult to engage in intense business activity if it requires me to be constantly active and dynamic for a long period of time.",0.15,1.98,-1.35,0.89,-0.23,-0.71,-0.95,0.56,-0.67,1.21,-1.13,-0.38,-1.49,0.47,0.32,1.34,1,1,0,1,0,0,0,1,0,1,0,1,0,1,0,1
163,2970,"My problem is that I can't say no to requests.",0.02,0.92,-0.12,1.48,-0.55,-0.84,-0.89,0.82,-1.41,-1.69,-0.83,0.70,0.17,1.59,1.23,-0.60,1,1,0,1,0,0,0,1,0,0,0,1,1,1,1,0
164,2971,"My fantasies are almost always much more intense, vivid, and expansive than my real life.",0.71,-0.17,-1.27,0.22,0.71,0.23,-0.69,2.06,-0.09,1.24,0.29,0.59,-2.16,0.24,-0.85,-1.06,1,0,0,0,1,1,0,1,0,1,1,1,0,1,0,0
165,2970,"In my gaze, directed at another, one often reads: 'Gotcha!'.",-0.50,-1.36,0.07,-2.32,0.53,0.82,1.60,-0.54,1.29,0.53,1.08,-0.82,0.46,-0.46,0.27,-0.66,0,0,0,0,1,1,1,0,1,1,1,0,1,0,1,0
166,2974,"I can very accurately mimic other people's facial expressions.",-0.65,0.71,1.79,-1.30,0.98,-0.94,0.11,-0.27,0.99,-0.69,-1.36,-0.35,0.63,-0.72,1.84,-0.76,0,1,1,0,1,0,1,0,1,0,1,0,1,0,1,0
167,2978,"I always like to look at every phenomenon from many different angles and come up with several different explanations for what's happening.",1.55,-0.61,-0.21,1.23,0.11,-0.45,-1.66,-0.48,-0.33,1.53,0.90,-1.17,-0.63,0.97,0.67,-1.43,1,0,0,1,1,0,0,0,0,1,1,0,0,1,1,0
168,2978,"Wherever I go, my first and considerable effort is always focused on making myself personally comfortable.",-0.82,1.15,1.76,-1.08,-0.84,0.13,-0.38,-0.69,0.69,0.18,-1.23,-0.04,1.23,-0.94,-0.90,1.78,0,1,1,0,0,1,0,0,1,1,0,0,1,0,0,1
169,2978,"In situations where something useful is offered to be obtained and won, I often chase after the crane in the sky, rather than the titmouse in my hand.",1.73,-1.35,-0.59,0.21,0.78,-1.27,0.63,0.95,0.06,-0.33,1.91,-1.31,-0.83,-0.27,0.52,-0.85,1,0,0,1,1,0,1,1,1,0,1,0,0,0,1,0
170, 2968, "I always carefully and thoroughly consider whether I'm getting enough value for my money.", 0.00, -0.79, -0.05, -0.50, -0.84, 0.61, -0.10, -1.34, -0.04, 1.84, 1.85, -0.40, 1.46, -0.79, -1.48, 0.55, 0, 0, 0, 0, 0, 1, 0, 0, 0, 1, 1, 0, 1, 0, 0, 1
171, 2982, "I'm more often sad than happy and cheerful.", -0.07, 0.55, -2.09, 0.40, 1.17, -0.56, 0.05, -1.04, -1.06, 1.27, -1.42, 0.92, -0.22, 1.41, -0.15, 0.84, 0, 1, 0, 1, 1, 0, 1, 0, 0, 1, 0, 1, 0, 1, 0, 1
172, 2985, "Sometimes there's this strange feeling that everything around you isn't really happening, but is just a charade, like in a theater.", 0.71, -1.79, -0.53, -0.25, 0.65, -0.50, -0.57, 1.48, -0.98, 1.71, 0.41, -0.82, -1.14, 1.11, 1.09, -0.57, 1, 0, 0, 0, 1, 0, 0, 1, 0, 1, 1, 0, 0, 1, 1, 0
173, 2980, "I usually try to turn down the TV volume when others turn it up.", -0.75, -0.99, 0.52, 0.07, 0.57, 0.27, -1.28, -0.72, -0.81, 2.15, -0.57, 0.20, -0.25, 0.13, -0.83, 2.29, 0, 0, 1, 1, 1, 1, 0, 0, 0, 1, 0, 1, 0, 1, 0, 1
174, 2981, "In casual conversations with fellow travelers, I usually end up talking more than my conversation partner.", 0.79, -0.25, 1.52, -0.57, 0.95, -0.72, 0.47, -1.67, 0.41, -0.76, 0.70, -1.51, 0.85, -0.52, 1.51, -1.19, 1, 0, 1, 0, 1, 0, 1, 0, 1, 0, 1, 0, 1, 0, 1, 0
175, 2988, "In my interactions with other people, I often lack restraint, patience, and a willingness to compromise and forgive.", 1.22, -1.27, -0.52, -0.18, 1.01, 0.48, 1.06, -0.20, 0.47, -0.53, -0.27, 1.30, 0.96, -2.52, -0.77, -0.22, 1, 0, 0, 0, 1, 1, 1, 0, 1, 0, 0, 1, 1, 0, 0, 0
176, 2988, "Taking care of your body and stomach is a pleasant process.", -0.65, 1.01, 2.05, -0.74, -1.29, -0.18, 0.33, -0.58, 0.84, -0.56, -1.00, 0.08, 1.12, -0.73, -1.22, 1.54, 0, 1, 1, 0, 0, 0, 1, 0, 1, 0, 0, 1, 1, 0, 0, 1
177, 2985, "My chewing movements are usually a little slow, almost lazy.", -0.39, 0.51, -1.69, 0.85, -0.90, 0.26, -1.18, 0.97, 0.36, 1.01, -1.11, -0.41, -0.92, 1.31, -0.51, 1.85, 0, 1, 0, 1, 0, 1, 0, 1, 1, 1, 0, 0, 0, 1, 0, 1
178, 2988, "Compared to people of my age, gender, and background, I'm more 'rough' than soft and 'gentle' on average.", 1.12, -1.14, -1.33, -0.57, 0.30, 0.88, 1.55, -0.48, 0.31, 0.41, -0.04, 0.97, 0.83, -2.37, -0.57, 0.12, 1, 0, 0, 0, 1, 1, 1, 0, 1, 1, 0, 1, 1, 0, 0, 1
179, 2987, "When interacting with people, I have a good feel for them; I easily anticipate their next words and actions, subconsciously sensing those around me 'like the back of my hand'.", -1.39, 0.47, -0.02, -1.10, 1.02, -0.98, -0.76, 0.47, 1.20, 0.00, -0.97, 1.12, -0.96, 0.96, 1.87, -0.94, 0, 1, 0, 0, 1, 0, 0, 1, 1, 0, 0, 1, 0, 1, 1, 0
180, 2988, "I'm mostly unmoved and unconcerned by other people's feelings.", 0.80, -0.78, -1.58, 0.61, -0.67, 0.84, 0.87, 0.02, -0.54, 0.85, 0.63, -0.22, 1.16, -2.30, -0.81, 1.11, 1, 0, 0, 1, 0, 1, 1, 1, 0, 1, 1, 0, 1, 0, 0, 1
181, 2979, "It's rare for me to become completely and utterly engrossed in the plot and action of even a good book or film - I always feel a certain detachment, knowing every second that it's all make-believe.", -0.41, 1.14, -1.21, -0.08, -1.32, 0.49, 1.77, -1.26, -0.78, 0.32, -0.60, 0.32, 1.55, -1.23, 0.18, 1.11, 0, 1, 0, 0, 0, 1, 1, 0, 0, 1, 0, 1, 1, 0, 1, 1
182, 2989, "I always observe generally accepted norms of behavior.", -1.95, 0.63, 0.44, 0.30, -0.21, 1.64, -1.62, -0.39, -1.11, -0.30, 0.15, 1.24, 0.10, 1.61, -0.70, 0.19, 0, 1, 1, 1, 0, 1, 0, 0, 0, 0, 1, 1, 1, 1, 0, 1
183, 2992, "I have a good sense of and memory for the spatial forms of objects.", -0.37, 1.09, 1.23, -1.00, -1.39, 0.61, 1.21, -0.50, 0.47, -0.18, -1.69, 0.38, 1.16, -1.04, -1.11, 1.13, 0, 1, 1, 0, 0, 1, 1, 0, 1, 0, 0, 1, 1, 0, 0, 1
184, 2993, "I believe my calling is to make discoveries and inventions that overturn established ideas.", 2.35, -1.16, -1.50, 1.99, 0.00, -0.23, -0.06, -0.13, -0.31, 0.20, 0.58, -1.17, -0.18, -0.17, 0.59, -0.79, 1, 0, 0, 1, 0, 0, 0, 0, 0, 1, 1, 0, 0, 0, 1, 0
185, 2990, "I would like to see the world more stable and less volatile.", -1.95, 0.50, 0.93, 0.24, -0.52, 1.89, -0.69, -0.55, -0.91, -0.07, -0.29, 1.17, 0.53, 1.21, -1.54, 0.05, 0, 1, 1, 1, 0, 1, 0, 0, 0, 0, 0, 1, 1, 1, 0, 1
186, 61834, "High personal anxiety.", -0.31, -0.34, 0.21, 0.15, 1.89, -1.40, -1.30, 0.96, -0.90, 0.34, -0.09, 0.81, 0.25, 1.81, -0.58, -1.52, 0, 0, 1, 1, 1, 0, 0, 1, 0, 1, 0, 1, 1, 1, 0, 0
187, 2999, "Sometimes I enjoy seeing other people's fear.", 0.01, -1.04, -1.27, -1.01, 0.62, 1.52, 1.35, 1.40, 1.41, 0.71, -0.49, -0.27, -0.03, -1.23, -1.05, -0.61, 1, 0, 0, 0, 1, 1, 1, 1, 1, 1, 0, 0, 0, 0, 0, 0
188, 3000, "I often find it very difficult to concentrate due to anxiety.", -1.10, 1.05, 1.37, 0.14, -0.21, -0.59, -0.81, 1.34, -1.03, 0.22, -0.96, -0.01, -1.51, 2.09, -0.35, 0.38, 0, 1, 1, 1, 0, 0, 0, 1, 0, 1, 0, 0, 0, 1, 0, 1
189, 2999, "When I'm walking with someone, I like to talk along the way; walking in silence isn't interesting.", 0.78, 0.83, 1.27, -0.30, 0.90, -0.87, 0.50, -1.22, 0.54, -1.56, 0.07, -1.14, 1.42, -0.95, 1.01, -1.30, 1, 1, 1, 0, 1, 0, 1, 0, 1, 0, 1, 0, 1, 0, 1, 0
190, 2999, "During monotonous, obligatory work, I often feel the urge to take a 'smoke break': to wander around, look at things, have a cigarette, etc.", 0.77, 0.91, 0.26, -0.13, -0.35, -2.60, 0.20, 1.09, 0.37, 0.59, -0.39, -1.16, -0.69, -1.14, 1.26, 1.01, 1, 1, 1, 0, 0, 0, 1, 1, 1, 1, 0, 0, 0, 0, 1, 1
191, 3002, "I'm impatient if I don't like something.", 1.22, -1.24, 0.78, -1.19, 1.30, -1.28, 0.45, -0.34, 1.05, -1.11, 0.01, 0.50, 1.26, -1.75, 0.04, 0.28, 1, 0, 1, 0, 1, 0, 1, 0, 1, 0, 1, 1, 1, 0, 1, 1
192, 3003, "I am able to influence people ethically, calmly, flexibly, and without pressure.", -1.43, 1.13, 0.56, -0.94, 0.70, -0.35, -1.18, 0.57, 1.43, -0.60, -1.10, 0.75, -1.16, 1.04, 1.37, -0.81, 0, 1, 1, 0, 1, 0, 0, 1, 1, 0, 0, 1, 0, 1, 1, 0
193, 3000, "Even in tasks that others find tedious, I'm able to maintain a high level of 'emotional engagement' for a long time.", -0.13, -0.80, 1.46, 0.28, -0.75, 1.66, -0.28, -1.18, -1.59, -0.05, 0.86, -0.21, 1.55, 0.95, -1.11, -0.68, 0, 0, 1, 1, 0, 1, 0, 0, 0, 0, 1, 0, 1, 1, 0, 0
194, 3001, "To improve society, one must begin by reforming society itself, not by changing the individuals who comprise it.", 0.24, 1.97, -1.53, 1.36, -0.25, 0.50, 1.23, 0.29, -0.79, -0.76, -0.25, -0.42, 1.04, -1.51, -0.06, -1.07, 1, 1, 0, 1, 0, 1, 1, 1, 0, 0, 0, 0, 1, 0, 0, 0
195, 3000, "Sometimes the world around you starts to seem brightly colored and wonderfully joyful.", 0.79, 0.26, 2.43, -0.12, -0.13, -1.20, -0.58, 0.71, -0.57, -1.04, 0.95, -1.31, -0.82, 0.52, 1.09, -0.99, 1, 1, 1, 0, 0, 0, 0, 1, 0, 0, 1, 0, 0, 1, 1, 0
196, 3002, "I don't care for jewelry; at any rate, I'm quite indifferent to it.", 1.13, -0.01, -2.15, 1.34, -1.06, 0.40, 0.97, -0.95, -1.81, 0.62, 0.30, 0.73, -0.45, -0.07, 0.23, 0.80, 1, 0, 0, 1, 0, 1, 1, 0, 0, 1, 1, 1, 0, 0, 1, 1
197, 3000, "I know how to say 'no'-to others and to myself. My willpower and self-control are very well developed.", 0.29, -1.23, -1.04, -0.76, -0.02, 1.40, 0.66, -0.68, 1.29, -0.40, -0.02, 1.84, 1.03, -1.62, -0.96, 0.22, 1, 0, 0, 0, 0, 1, 1, 0, 1, 0, 0, 1, 1, 0, 0, 1
198, 3003, "I know how to bluff.", -0.03, -1.11, -0.84, -1.23, 1.03, -0.34, 0.30, 0.65, 2.17, 0.84, -0.13, -1.00, 0.81, -1.47, 1.05, -0.70, 0, 0, 0, 0, 1, 0, 1, 1, 1, 1, 0, 0, 1, 0, 1, 0
199, 3008, "My thoughts are almost always calm and clear, with sufficient clarity and concentration, and I have no problem focusing on a single thought to consider it from all angles.", -0.91, -1.24, 0.10, 0.95, -1.39, 2.12, 0.07, -0.68, -0.14, 0.78, 0.83, 0.85, 0.97, -0.95, -1.39, 0.02, 0, 0, 1, 1, 0, 1, 1, 0, 0, 1, 1, 1, 1, 0, 0, 1
200, 3011, "I love people, I believe in universal brotherhood.", 0.39, 0.40, 1.97, 0.56, -0.84, -1.10, -0.65, -0.14, 0.27, -1.62, 0.09, -0.91, -0.67, 1.70, 1.30, -0.75, 1, 1, 1, 1, 0, 0, 0, 0, 1, 0, 1, 0, 0, 1, 1, 0
201, 3015, "Sometimes I get a strong, strange feeling that my surroundings are unreal, as if everything around me is 'made up' and fake, like a stage set.", 1.27, -1.40, -1.07, -0.39, 0.90, -0.09, -0.76, 1.41, -0.88, 1.36, -0.27, -1.24, -0.99, 1.26, 0.97, -0.09, 1, 0, 0, 0, 1, 0, 0, 1, 0, 1, 0, 0, 0, 1, 1, 0
202, 3003, "I always think through my plans for tomorrow in advance.", -0.79, -0.99, 0.99, 0.44, 1.30, 1.21, -0.87, -0.76, -0.93, -0.71, 1.62, 0.50, 0.98, 0.54, -1.42, -1.12, 0, 0, 1, 1, 1, 1, 0, 0, 0, 0, 1, 1, 1, 1, 0, 0
203, 3008, "I never get carried away with the feeling of anticipating a win: a small but reliable win is better.", -1.59, 1.22, 0.82, 0.20, -1.63, 1.45, -1.07, 0.00, -0.66, 1.03, -0.92, 1.05, 0.18, 0.44, -1.14, 0.63, 0, 1, 1, 1, 0, 1, 0, 0, 0, 1, 0, 1, 1, 1, 0, 1
204, 3008, "Every day I neatly make my bed, even if it's not strictly necessary.", -0.87, -0.29, 2.00, -0.12, -0.25, 2.23, -0.70, -0.21, -0.37, -1.03, -0.17, 1.22, 0.31, 0.20, -1.64, -0.29, 0, 0, 1, 0, 0, 1, 0, 0, 0, 0, 0, 1, 1, 1, 0, 0
205, 3014, "I love it when a large, fun group of guests comes to my personal celebration.", 0.22, -0.17, 2.20, -0.41, 0.78, -0.82, 0.37, -0.53, 0.59, -1.92, 0.98, -1.11, 0.53, -0.70, 1.04, -1.07, 1, 0, 1, 0, 1, 0, 1, 0, 1, 0, 1, 0, 1, 0, 1, 0
206, 3011, "I wouldn't mind spending a couple of days trying to figure out why it starts raining right after a lightning strike.", 2.14, -1.05, -0.39, 2.14, -0.71, 0.63, 0.32, -0.20, -1.23, 0.49, -0.72, -1.07, 0.76, -0.15, -0.65, -0.32, 1, 0, 0, 1, 0, 1, 1, 0, 0, 1, 0, 0, 1, 0, 0, 0
207, 3021, "My mood today is predominantly one of calm and confident security.", -0.17, 1.12, -0.21, 0.02, -2.24, 1.68, 0.19, -1.09, 0.55, -1.06, 0.10, 0.00, 0.08, -0.94, 0.15, 1.80, 0, 1, 0, 1, 0, 1, 1, 0, 1, 0, 1, 0, 1, 0, 1, 1
208, 3024, "I very rarely dwell on people's bad deeds; that topic simply doesn't interest me.", 0.81, 0.69, -1.80, 0.67, -1.43, 0.20, 0.98, 0.54, -0.58, 0.58, 1.11, -1.73, 0.50, -1.29, -0.26, 0.99, 1, 1, 0, 1, 0, 1, 1, 1, 0, 1, 1, 0, 1, 0, 0, 1
209, 3021, "If I were a journalist, I would write more often about the merits of the surrounding life, rather than its shortcomings.", 0.31, -0.11, 0.82, -0.43, -0.76, 0.52, -1.54, 1.04, 0.01, -2.37, 1.09, -1.02, 0.05, 0.46, 0.33, 1.60, 1, 0, 1, 0, 0, 1, 0, 1, 1, 0, 1, 0, 1, 1, 1, 1
210, 3033, "I usually express my thoughts readily and at length.", 1.28, 0.14, 1.11, -0.21, 1.13, -0.98, 0.74, -1.54, 0.54, -1.05, -0.13, -1.31, 1.09, -0.95, 1.23, -1.10, 1, 1, 1, 0, 1, 0, 1, 0, 1, 0, 0, 0, 1, 0, 1, 0
211, 3030, "I sometimes put off until tomorrow what I should do today.", 0.80, 1.68, -0.88, -0.07, -0.24, -1.32, -0.24, 1.27, 0.93, -0.02, -1.52, 0.66, -1.94, -0.27, 0.33, 0.83, 1, 1, 0, 0, 0, 0, 0, 1, 1, 0, 0, 1, 0, 0, 1, 1
212, 3033, "I think more often about how to conserve my energy than about what else I could use it for.", -0.82, 1.50, -1.33, 0.65, -0.69, 0.37, -1.58, 0.87, -0.26, 1.45, -1.40, 0.37, -0.27, -0.21, -0.23, 1.59, 0, 1, 0, 1, 0, 1, 0, 1, 0, 1, 0, 1, 0, 0, 0, 1
213, 3028, "I only start taking action myself when there's no one else left.", -0.31, 1.19, -1.81, 0.71, -0.55, 0.36, -1.03, 1.36, -0.79, 1.02, -1.34, 0.64, -1.15, 0.00, 0.24, 1.46, 0, 1, 0, 1, 0, 1, 0, 1, 0, 1, 0, 1, 0, 0, 1, 1
214, 3020, "I bond easily and quickly with my partners.", 0.20, 1.97, 2.23, -0.46, 0.11, -1.31, 0.45, -0.45, -0.28, -1.71, -0.51, -0.11, -0.22, 0.08, 0.86, -0.83, 1, 1, 1, 0, 1, 0, 1, 0, 0, 0, 0, 0, 0, 1, 1, 0
215, 3048, "With a brief, split-second glance, I instantly assess the position and orientation of objects in my surroundings.", -0.16, 0.91, 1.08, -1.04, -1.21, 0.59, 1.19, -0.74, 1.18, -0.45, -1.56, 0.54, 1.19, -0.73, -1.52, 0.73, 0, 1, 1, 0, 0, 1, 1, 0, 1, 0, 0, 1, 1, 0, 0, 1
216, 3052, "Sometimes it's hard for me to control my envy.", -0.59, 0.64, 0.43, -0.47, 1.88, -0.73, -0.18, 1.15, -0.32, 0.02, 1.34, 0.90, -0.07, -0.56, -2.20, -1.23, 0, 1, 1, 0, 1, 0, 0, 1, 0, 1, 1, 1, 0, 0, 0, 0
217, 3047, "I would enjoy and be well-suited to exploring new territories alone.", 1.80, -0.88, -1.82, 0.26, -1.46, 0.29, 1.68, 0.18, -0.69, 0.88, 0.19, -0.47, -0.51, 0.27, -0.76, 1.04, 1, 0, 0, 1, 0, 1, 1, 1, 0, 1, 1, 0, 0, 1, 0, 1
218, 3050, "As a child, I loved organizing collections.", 0.69, -0.19, 0.22, 1.47, 0.43, 2.39, -0.81, -0.92, -1.10, -0.26, 0.34, 0.02, 0.14, -0.17, -2.10, -0.15, 1, 0, 1, 1, 1, 1, 0, 0, 0, 0, 1, 1, 1, 0, 0, 0
219, 3060, "My friends' joy is their own personal joy; it usually doesn't affect me and I can't 'catch' it.", 0.34, -1.50, -0.47, -0.41, 0.15, 1.01, 0.34, -1.24, 0.50, 1.95, 0.68, -0.36, -1.30, 0.18, -1.38, 1.50, 1, 0, 0, 0, 1, 1, 1, 0, 1, 1, 1, 0, 0, 1, 0, 1
220, 3062, "I have a loud voice - when I speak in front of an audience, I can be heard even in the back rows without a microphone.", 0.93, -0.15, 1.18, -0.62, 1.06, -0.19, 1.31, -1.28, 0.45, -1.13, 0.11, -1.21, 1.51, -1.31, 0.57, -1.24, 1, 0, 1, 0, 1, 0, 1, 0, 1, 0, 1, 0, 1, 0, 1, 0
221, 3059, "I always feel a strong sense of joy and inspiration from the successes of a close family member.", -0.44, 1.39, 0.76, 0.18, -0.50, -0.91, -0.73, 0.93, -0.65, -1.90, -0.30, 0.59, 2.04, -0.32, 0.93, -1.08, 0, 1, 1, 1, 0, 0, 0, 1, 0, 0, 0, 1, 1, 0, 1, 0
222, 3054, "For me, arguing is an interesting game; I love getting involved, and I can play 'for both sides' with equal enjoyment.", 1.91, -1.60, -0.97, 0.33, 0.27, 0.18, 0.68, -0.33, 0.73, 0.44, 0.53, -1.39, 0.88, -1.35, 0.96, -1.27, 1, 0, 0, 1, 1, 1, 1, 0, 1, 1, 1, 0, 1, 0, 1, 0
223, 3063, "Sometimes I hesitate for a long time before making a decision.", -0.11, 1.21, -0.13, 1.21, 0.90, -0.31, -2.13, 0.52, -0.74, -0.01, -1.69, -0.66, -0.36, 1.68, -0.11, 0.73, 0, 1, 0, 1, 1, 0, 0, 1, 0, 0, 0, 0, 0, 1, 0, 1
224, 3065, "I'm very conservative in my areas of interest; it's difficult to pique my interest in something unfamiliar.", -1.11, 0.71, -1.45, -0.06, 0.04, 2.11, -0.35, -1.01, -0.73, -0.21, -1.19, 1.87, 0.20, 0.48, -0.20, 0.90, 0, 1, 0, 0, 1, 1, 0, 0, 0, 0, 0, 1, 1, 1, 0, 1
225, 3069, "I'm skilled at convincingly demonstrating 'sincere remorse' with a healthy dose of cynicism, and I use this skill quite often.", -0.76, 0.43, -1.25, -0.96, 1.35, -0.22, 0.31, 0.93, 1.77, 1.28, -0.08, -1.74, -0.05, -1.07, 0.73, -0.68, 0, 1, 0, 0, 1, 0, 1, 1, 1, 1, 0, 0, 0, 0, 1, 0
226, 3068, "I'm very fond of children; sometimes I spoil them, often even going against what's necessary for their proper upbringing.", 0.30, 1.38, 0.62, 0.05, -0.40, -1.25, -0.18, -0.66, -0.04, -2.27, -0.51, -0.94, 1.23, 1.75, 0.72, 0.19, 1, 1, 1, 1, 0, 0, 0, 0, 0, 0, 0, 0, 1, 1, 1, 1
227, 3070, "Mastering new work techniques, I quickly and easily adapt the sequence of my movements.", 0.89, 0.20, 0.46, -0.62, -1.12, -1.36, 1.52, -1.58, -0.10, 0.38, 0.82, -1.02, 1.48, -1.18, 1.08, 0.15, 1, 1, 1, 0, 0, 0, 1, 0, 0, 1, 1, 0, 1, 0, 1, 1
228, 3071, "I'll reach my goal, even if it means stepping on others.", -0.01, -1.73, -0.57, -0.74, 0.47, 0.97, 1.05, 1.25, 1.62, -0.02, 0.82, -0.27, 0.59, -1.49, -1.46, -0.48, 0, 0, 0, 0, 1, 1, 1, 1, 1, 0, 1, 0, 1, 0, 0, 0
229, 3072, "As a child, I was obedient and compliant.", -1.80, 0.93, 0.44, 1.39, -0.54, 0.81, -1.69, -0.31, -1.56, 0.09, 0.43, 0.70, -0.38, 1.56, -0.33, 0.26, 0, 1, 1, 1, 0, 1, 0, 0, 0, 1, 1, 1, 0, 1, 0, 1
230, 3079, "It's true that I completely lack any talent for intrigue; I've always, like a fool, focused on the common good, and like an even bigger fool, I've always expected the same from others.", 0.56, 0.85, 0.87, 0.86, -1.27, -0.31, -0.01, -1.38, -2.10, -0.95, 0.52, 0.61, -0.49, 1.62, -0.34, 0.95, 1, 1, 1, 1, 0, 0, 0, 0, 0, 0, 1, 1, 0, 1, 0, 1
231, 3080, "I often notice changes in the relationships of my acquaintances.", -1.54, 0.76, 0.60, -1.24, 0.71, -0.66, -0.85, 0.61, 1.41, -0.37, -0.94, 1.51, -0.86, 0.91, 1.04, -1.09, 0, 1, 1, 0, 1, 0, 0, 1, 1, 0, 0, 1, 0, 1, 1, 0
232, 3080, "At least once a week, the world around me begins to seem mercilessly cold and harsh, devoid of warmth, and the future seems hopeless.", -0.35, 0.48, -1.71, 0.43, 0.60, -1.07, -0.17, 1.69, -0.07, 1.62, -0.43, 0.98, -0.89, 0.99, -1.48, -0.61, 0, 1, 0, 1, 1, 0, 0, 1, 0, 1, 0, 1, 0, 1, 0, 0
233, 3080, "It's true that I don't like being touched while I'm talking - even by friends.", -0.95, -0.46, -1.53, 1.24, 0.39, 1.63, -0.07, -0.41, -1.60, 1.63, 0.49, 0.55, -0.48, -0.26, -1.07, 0.89, 0, 0, 0, 1, 1, 1, 0, 0, 0, 1, 1, 1, 0, 0, 0, 1
234, 3079, "I would find it sickening to wallow in luxury at the expense of others, without creating anything myself.", 1.29, -1.61, 0.98, 0.81, -0.13, 0.32, -0.20, -1.45, -1.43, -1.26, -0.53, 1.06, -0.28, 1.50, 0.63, 0.30, 1, 0, 1, 1, 0, 1, 0, 0, 0, 0, 0, 1, 0, 1, 1, 1
235, 3079, "To be honest, I'm very careless with my own time and other people's time.", 1.08, 0.54, -0.80, 0.19, 0.14, -2.04, 1.10, 1.00, 0.95, 0.18, -0.01, -1.89, -1.24, -0.64, 0.66, 0.77, 1, 1, 0, 1, 1, 0, 1, 1, 1, 1, 0, 0, 0, 0, 1, 1
236, 3086, "I have a highly developed ability to remember where I left off in a task if I have to temporarily switch my attention to something else.", -0.64, -1.45, 0.37, 0.73, -1.08, 0.27, 1.16, -1.55, -0.72, 1.04, 1.48, -0.96, 1.68, -0.01, -0.54, 0.20, 0, 0, 1, 1, 0, 1, 1, 0, 0, 1, 1, 0, 1, 0, 0, 1
237, 3086, "I find it difficult to stick with something for long if it's not working out and doesn't provide positive reinforcement. In that case, I quickly switch to developing a new topic or idea, until that gets boring too, and I'm drawn back to the old project.", 1.31, 1.08, -0.64, -0.07, -0.18, -2.25, 0.18, 0.36, 0.52, -0.09, -0.72, -0.93, -0.19, -1.26, 1.45, 1.43, 1, 1, 0, 0, 0, 0, 1, 1, 1, 0, 0, 0, 0, 0, 1, 1
238, 3086, "I often hear a judgmental voice inside my head - and it always shames me for the same thing.", -0.23, 0.01, 0.21, -0.85, 0.36, 0.37, -0.84, 0.42, -1.63, 0.71, 0.33, 0.68, -1.53, 2.73, -0.05, -0.69, 0, 1, 1, 0, 1, 1, 0, 1, 0, 1, 1, 1, 0, 1, 0, 0
239, 3095, "My reflections usually simplify the situation rather than complicate it.", 0.33, 0.14, -0.31, -0.70, -1.11, 0.93, 0.82, -1.56, 0.08, -0.07, 0.92, -2.13, 0.66, -0.49, 0.55, 1.94, 1, 1, 0, 0, 0, 1, 1, 0, 1, 0, 1, 0, 1, 0, 1, 1
240, 3082, "It often happens that I find it very difficult to tear myself away from a game I've started, even though more important things are waiting.", 2.40, 0.93, -0.57, -0.79, -0.34, -0.75, -0.79, 1.18, 0.12, 0.67, -1.44, -1.42, -0.09, -0.35, 0.25, 0.99, 1, 1, 0, 0, 0, 0, 0, 1, 1, 1, 0, 0, 0, 0, 1, 1
241, 3096, "I despise the 'herd mentality' in people.", 1.22, -1.14, 0.07, 1.00, -0.56, -1.08, 0.00, -0.44, 1.68, 0.86, -0.34, 1.45, 0.08, -1.81, -1.20, 0.23, 1, 0, 1, 1, 0, 0, 0, 0, 1, 1, 0, 1, 1, 0, 0, 1
242, 3103, "I find it irritating when some people speak in a loud voice.", -1.12, 0.14, -1.38, -0.05, -0.25, 0.05, -1.64, 0.52, -0.12, 1.17, -0.45, 1.77, 0.00, 0.48, -1.05, 1.93, 0, 1, 0, 0, 0, 1, 0, 1, 0, 1, 0, 1, 0, 1, 0, 1
243, 3127, "I'm a collectivist at heart; I believe in selfless enthusiasm, brotherhood, and friendship.", 0.34, -0.38, 1.46, 0.31, 0.19, 0.04, -0.14, 0.08, -0.48, -2.52, -0.87, -0.79, 0.42, 1.49, 1.60, -0.73, 1, 0, 1, 1, 1, 1, 0, 1, 0, 0, 0, 0, 1, 1, 1, 0
244, 3109, "Stories of self-sacrificing heroism usually make me sick.", -0.52, 0.17, -0.71, 0.13, -1.12, -0.72, -0.37, -0.85, 0.40, 1.79, 0.55, -0.30, 1.32, -1.63, -0.22, 2.08, 0, 1, 0, 1, 0, 0, 0, 0, 1, 1, 1, 0, 1, 0, 0, 1
245, 3133, "I'm always concerned about the comfort and convenience of my workspace, dedicating a lot of time to it so that nothing will irritate me later.", -0.74, 0.82, 1.93, -0.73, -0.96, 0.71, -0.42, -0.56, -0.22, -0.19, -1.16, 0.44, 1.58, -0.75, -1.26, 1.53, 0, 1, 1, 0, 0, 1, 0, 0, 0, 0, 0, 1, 1, 0, 0, 1
246, 3099, "I can maintain a high level of energetic activity for extended periods, even without sleep or food.", 1.50, -1.31, -1.66, -0.53, 0.75, 0.03, 0.86, -1.12, -0.33, -0.13, 1.63, -0.54, 0.89, -0.30, 1.22, -0.97, 1, 0, 0, 0, 1, 1, 1, 0, 0, 0, 1, 0, 1, 0, 1, 0
247, 3127, "I often feel a lack of joy and pleasure; life is too bland.", -0.54, 0.40, -1.49, 0.29, 0.19, -0.08, 0.88, 0.60, -0.90, 1.65, -1.00, 0.96, -1.20, 0.68, -1.74, 1.29, 0, 1, 0, 1, 1, 0, 1, 1, 0, 1, 0, 1, 0, 1, 0, 1
248, 3099, "I'm a very proud and self-confident person; some say I'm even arrogant.", 0.89, -1.62, -0.65, -0.26, 1.18, 0.29, 0.90, -0.43, 1.46, -0.88, 0.45, 0.96, 0.89, -2.04, -0.48, -0.65, 1, 0, 0, 0, 1, 1, 1, 0, 1, 0, 1, 1, 1, 0, 0, 0
249, 3093, "People often seem to me like moving mannequins, and everything around me seems unreal.", 0.80, -1.82, -1.58, 0.36, 0.69, 0.03, -0.11, 1.56, -1.12, 1.72, 0.15, -0.75, -1.05, 0.66, 0.13, 0.33, 1, 0, 0, 1, 1, 1, 0, 1, 0, 1, 1, 0, 0, 1, 1, 1
250, 3131, "I rarely make plans for the future.", 0.17, 1.51, -0.67, -0.49, -1.15, -0.09, 1.07, -0.07, 0.30, -0.02, -2.41, -0.05, -0.08, -0.57, 0.58, 1.98, 1, 1, 0, 0, 0, 0, 1, 0, 1, 0, 0, 0, 0, 0, 1, 1
251, 3099, "There are more than six people whose birthdays I'm celebrating.", 0.04, 0.47, 2.19, -1.36, 0.80, -0.85, -0.37, -1.08, 0.37, -1.52, 0.69, -1.01, 0.93, 0.41, 0.99, -0.72, 1, 1, 1, 0, 1, 0, 0, 0, 1, 0, 1, 0, 1, 1, 1, 0
252, 3110, "I love giving gifts and I'm good at sharing in my friends' happiness; I'm a very hospitable host, I love having guests, and I know how to create a warm atmosphere at home.", -0.72, 0.78, 2.82, -1.44, -0.18, -0.47, -0.14, -0.70, 0.50, -1.07, -0.26, -0.76, 0.14, 1.00, 0.92, -0.42, 0, 1, 1, 0, 0, 0, 0, 0, 1, 0, 0, 0, 1, 1, 1, 0
253, 3111, "I often think about abstract philosophical topics.", 1.81, -1.00, -1.14, 1.31, 0.86, 0.39, -1.17, 0.80, -0.60, 0.76, -0.45, -0.75, -1.07, 0.99, 0.56, -1.29, 1, 0, 0, 1, 1, 1, 0, 1, 0, 1, 0, 0, 0, 1, 1, 0
254, 3134, "I don't like philosophizing at all.", -1.73, 0.77, 0.82, -1.25, -1.19, -0.42, 1.07, -0.70, 0.36, -0.29, 0.69, 0.97, 0.97, -1.15, -0.56, 1.65, 0, 1, 1, 0, 0, 0, 1, 0, 1, 0, 1, 1, 1, 0, 0, 1
255, 3097, "I often introduce my friends to people they need to know.", 0.58, 0.27, 1.12, -1.39, 0.59, -1.11, 0.96, -1.89, 0.93, -1.00, 0.62, -0.95, 0.78, 0.17, 1.28, -0.95, 1, 1, 1, 0, 1, 0, 1, 0, 1, 0, 1, 0, 1, 1, 1, 0
256, 3098, "I often get dizzy when I stand up; my vision even goes a little blurry, and I feel like I'm going to fall over.", 1.21, -0.56, -1.21, -0.47, 1.12, 0.02, -1.63, 0.53, -0.95, 1.78, 1.18, -0.84, -0.51, 1.20, -0.21, -0.66, 1, 0, 0, 0, 1, 1, 0, 1, 0, 1, 1, 0, 0, 1, 0, 0
257, 3140, "Loners in science, art, and public life are most often unpredictable, dangerous, and therefore harmful.", -1.52, 1.83, 0.98, -2.06, -0.13, 1.66, 0.69, -0.48, 0.01, -0.90, -0.50, 0.18, 0.64, -0.22, 0.10, -0.28, 0, 1, 1, 0, 0, 1, 1, 0, 1, 0, 0, 1, 1, 0, 1, 0
258, 3138, "I'm probably capable of something brilliant, but I don't know why, I don't know why I'm even alive.", 0.30, 0.52, -2.03, 0.86, -0.21, -0.65, -0.25, 2.11, -0.37, 1.17, -1.04, 0.57, -1.47, -0.01, -0.28, 0.80, 1, 1, 0, 1, 0, 0, 0, 1, 0, 1, 0, 1, 0, 0, 0, 1
259, 3136, "In defending the ideas I believe in, I don't hesitate to remain misunderstood.", 1.88, -1.77, 0.85, 0.93, 0.32, 0.32, 1.29, -1.35, 0.33, -0.27, -0.49, 0.46, -1.16, -1.06, 0.52, -0.82, 1, 0, 1, 1, 1, 1, 1, 0, 1, 0, 0, 1, 0, 0, 1, 0
260, 3141, "Many people are constantly preoccupied with their own problems, but compared to them, I'm relatively problem-free.", 0.77, 0.40, -1.32, 0.53, -2.02, 1.22, 0.27, 0.01, -0.44, 0.27, -0.26, -0.55, 0.22, -1.66, 0.60, 1.95, 1, 1, 0, 1, 0, 1, 1, 1, 0, 1, 0, 0, 1, 0, 1, 1
261, 3142, "I often feel impatient and restless.", 0.82, 0.19, 0.69, -0.60, 1.91, -1.76, 0.22, -0.08, -0.50, -0.26, 1.12, 0.51, -0.90, 1.04, -0.47, -1.93, 1, 1, 1, 0, 1, 0, 1, 0, 0, 0, 1, 1, 0, 1, 0, 0
262, 3138, "I always live by the principle: don't interfere with other people's lives.", -0.61, 1.01, -0.22, 0.98, -1.66, -0.58, -1.06, -0.95, -1.71, 0.94, 0.91, 0.82, -0.49, 0.91, 0.29, 1.42, 0, 1, 0, 1, 0, 0, 0, 0, 0, 1, 1, 1, 0, 1, 1, 1
263, 3148, "Individualism is good, not bad.", 0.99, 0.04, -0.16, 0.03, -1.37, -2.08, -0.85, -0.68, 1.67, 1.30, 0.86, 0.98, 0.36, -0.68, -0.81, 0.41, 1, 1, 0, 1, 0, 0, 0, 0, 1, 1, 1, 1, 1, 0, 0, 1
264, 3144, "Sometimes I find the overly cheerful mood of those around me irritating.", -0.22, -1.01, -2.06, 0.04, 0.89, 0.18, 0.41, 1.27, -0.57, 1.62, -1.18, 1.00, 0.58, -0.73, -1.08, 0.84, 0, 0, 0, 1, 1, 1, 1, 1, 0, 1, 0, 1, 1, 0, 0, 1
265, 3158, "It's very important to me that others like me and that I hear them say so.", -0.33, 1.01, 1.52, -0.66, 1.76, -0.92, -0.75, 0.27, 0.90, -2.20, -0.21, -0.53, 1.08, -0.25, -0.06, -0.62, 0, 1, 1, 0, 1, 0, 0, 1, 1, 0, 0, 0, 1, 0, 0, 0
266, 3150, "I can strengthen or weaken my desires and impulses if I find it useful and necessary at a given moment.", -0.56, -0.94, -1.11, -1.23, -0.69, 1.63, 0.14, -1.13, -0.52, 1.46, 1.77, -0.32, 1.13, 0.20, -0.49, 0.65, 0, 0, 0, 0, 0, 1, 1, 0, 0, 1, 1, 0, 1, 1, 0, 1
267, 3150, "I can adapt to any established situation.", -0.75, 0.59, -1.07, -1.97, -1.39, 1.56, -0.91, 0.52, -0.77, 0.81, 0.83, 0.02, 0.41, 0.50, 1.47, 0.15, 0, 1, 0, 0, 0, 1, 0, 1, 0, 1, 1, 1, 1, 1, 1, 1
268, 3160, "It's unpleasant for me to watch another person wince in pain; I immediately start to feel something similar to their suffering.", -0.77, 0.77, 0.52, 1.28, 0.83, -1.65, -1.46, 0.76, -0.59, -1.97, -0.16, 0.38, 1.21, 0.46, 0.75, -0.37, 0, 1, 1, 1, 1, 0, 0, 1, 0, 0, 0, 1, 1, 1, 1, 0
269, 3160, "I quite often experience a sudden feeling of ecstatic elation - without any particular external reason.", 1.57, 0.29, 1.01, -0.67, 0.81, -0.83, -0.31, 1.44, -0.10, -1.01, 0.78, -1.69, -0.81, -0.25, 1.16, -1.39, 1, 1, 1, 0, 1, 0, 0, 1, 0, 0, 1, 0, 0, 0, 1, 0
270, 3147, "I need frequent distractions and breaks during my studies, otherwise I get bored quickly.", 0.50, 1.12, -0.15, -0.57, -0.20, -2.19, 0.26, 1.17, 0.87, 0.39, -1.23, -0.98, -0.77, -0.77, 1.33, 1.23, 1, 1, 0, 0, 0, 0, 1, 1, 1, 1, 0, 0, 0, 0, 1, 1
271, 3145, "I'm often in a depressed and downcast mood.", -0.60, -0.56, -0.93, 0.35, 1.06, -1.14, -0.22, 0.32, -0.94, 2.00, -1.21, 0.56, -0.58, 2.04, -0.61, 0.46, 0, 0, 0, 1, 1, 0, 0, 1, 0, 1, 0, 1, 0, 1, 0, 1
272, 3148, "Sometimes my thoughts sound like they're coming from 'outside,' as if there's a radio playing inside my head that I can't seem to turn off.", 0.89, -1.31, -0.92, -0.29, 0.72, -0.44, -0.55, 0.87, -1.79, 1.17, 0.58, -0.51, -1.02, 1.31, 1.65, -0.34, 1, 0, 0, 0, 1, 0, 0, 1, 0, 1, 1, 0, 0, 1, 1, 0
273, 3161, "Sometimes I feel injustice towards others even more strongly than injustice towards myself.", 0.89, 0.11, 0.97, 0.14, -0.64, -0.55, -0.41, -1.00, -0.88, -0.76, -1.59, 0.48, -0.31, 1.86, 2.12, -0.45, 1, 1, 1, 1, 0, 0, 0, 0, 0, 0, 0, 1, 0, 1, 1, 0
274, 3163, "I am characterized by an 'inner vision,' fantasy, and imagination that transport me to fictional worlds unbound by time and space.", 1.46, -0.98, -0.64, 0.78, 1.01, 0.07, -1.58, 1.91, -0.63, 0.65, -0.13, -1.26, -0.73, 0.74, 0.38, -1.05, 1, 0, 0, 1, 1, 1, 0, 1, 0, 1, 0, 0, 0, 1, 1, 0
275, 3177, "I'm perceptive when it comes to other people's mediocrity; I can see it immediately, through the 'mask'.", -1.11, -1.57, -0.11, -0.28, 1.51, -0.21, 0.12, -0.33, 1.03, 1.45, 0.38, 1.03, -0.15, -1.25, 1.11, -1.61, 0, 0, 0, 0, 1, 0, 1, 0, 1, 1, 1, 1, 0, 0, 1, 0
276, 3180, "I'm particular about not being disturbed when I'm eating or sleeping.", -0.48, 0.76, 0.90, -0.71, 0.33, 0.41, 0.01, -1.16, 0.38, 0.44, -0.93, 0.48, 0.19, -1.13, -1.91, 2.42, 0, 1, 1, 0, 1, 1, 1, 0, 1, 1, 0, 1, 1, 0, 0, 1
277, 0, "The difference between the normalized profiles of love of listening to music and intolerance of noise.", 0.64, -0.50, 1.82, -1.80, 0.31, -0.01, 1.00, 0.68, 0.67, 0.13, -0.30, -0.37, -1.41, -1.15, 1.40, -1.12, 1, 0, 1, 0, 1, 0, 1, 1, 1, 1, 0, 0, 0, 0, 1, 0
278, 21886, "Noise intolerance.", -0.55, -0.22, -1.13, 0.87, 0.27, 0.19, -1.91, 0.48, -0.54, 0.60, -0.53, 1.39, -0.09, 1.17, -1.64, 1.64, 0, 0, 0, 1, 1, 1, 0, 1, 0, 1, 0, 1, 0, 1, 0, 1
279, 12356, "Love of listening to music (12-question scale).", 0.36, -0.96, 1.46, -1.69, 0.72, 0.16, -0.47, 1.45, 0.41, 0.80, -0.94, 0.86, -2.08, -0.48, 0.35, 0.08, 1, 0, 1, 0, 1, 1, 0, 1, 1, 1, 0, 1, 0, 0, 1, 1
280, 3172, "Not everyone can handle my intense work schedule, the pace of which often changes on the fly.", 1.22, -1.13, -0.31, -0.45, 0.34, -0.23, 0.85, -1.35, 0.02, -0.64, 2.22, 0.00, 1.43, -0.78, 0.28, -1.47, 1, 0, 0, 0, 1, 0, 1, 0, 1, 0, 1, 0, 1, 0, 1, 0
281, 3173, "I'm a creature of habit and don't like any travel or changes in my living environment; I'm too sensitive and vulnerable to handle business trips.", -1.19, 1.29, -0.98, 1.19, 0.62, 1.06, -1.53, -0.92, -0.80, 0.04, -1.43, 1.30, -0.15, 1.17, 0.08, 0.25, 0, 1, 0, 1, 1, 1, 0, 0, 0, 1, 0, 1, 0, 1, 1, 1
282, 3179, "I'm talkative; I love to tell stories and discuss what I've read and heard.", 0.62, -0.12, 1.66, -0.52, 0.94, -1.38, 0.21, -0.73, 0.46, -0.87, 0.58, -1.23, 1.17, -0.85, 1.50, -1.44, 1, 0, 1, 0, 1, 0, 1, 0, 1, 0, 1, 0, 1, 0, 1, 0
283, 3179, "My character, I suppose, is more marked by indifference and a nonchalant disregard than others.", 0.42, -0.18, -1.50, -0.62, -1.24, 1.07, 0.92, -0.28, -0.29, 1.88, 0.47, -1.10, -0.05, -0.90, -0.45, 1.86, 1, 0, 0, 0, 0, 1, 1, 0, 0, 1, 1, 0, 0, 0, 0, 1
284, 3162, "While preparing for exams, I constantly had a multitude of diverse and distracting ideas and fantasies running through my head, completely unrelated to the subject matter.", 1.39, -0.06, -0.15, -0.01, -0.23, -1.46, -0.76, 2.46, -0.15, 0.87, 0.19, -0.04, -1.97, -0.47, 0.55, -0.16, 1, 0, 0, 0, 0, 0, 0, 1, 0, 1, 1, 0, 0, 0, 1, 0
285, 3163, "I know that I'm better than many others at complex alternating movements with both legs (in dance, or in football feints on the field, etc.).", -0.76, 0.61, 1.38, -1.20, -0.76, -0.02, 1.82, -0.54, 1.32, -1.24, -1.47, -0.33, 0.97, -0.43, -0.26, 0.92, 0, 1, 1, 0, 0, 0, 1, 0, 1, 0, 0, 0, 1, 0, 0, 1
286, 30824, "Correlates of fatalism (a set of 19 questions characterizing the average representative of the people, the 'silent aggressively-obedient majority').", -1.94, 1.18, -0.18, -0.72, -0.63, 2.32, 0.27, 0.26, -1.48, 0.17, -0.38, 0.61, -0.70, 0.73, -0.26, 0.75, 0, 1, 0, 0, 0, 1, 1, 1, 0, 1, 0, 1, 0, 1, 0, 1
287, 2098, "1) No matter what you do, what is destined to happen will happen sooner or later. 2) A person must submit to their fate, their destiny.", -2.14, 0.42, -0.23, -0.50, -0.04, 0.78, -0.40, 1.88, -1.06, 0.33, 0.03, 0.88, -1.77, 0.91, 0.09, 0.81, 0, 1, 0, 0, 0, 1, 0, 1, 0, 1, 1, 1, 0, 1, 1, 1
288, 968, "A person must be resigned to their fate, their destiny.", -2.55, 0.58, -0.24, 0.37, -0.15, 0.31, -0.60, 1.90, -0.22, 0.07, -0.29, -0.46, -1.26, 1.35, 0.13, 1.06, 0, 1, 0, 1, 0, 1, 0, 1, 0, 1, 0, 0, 0, 1, 1, 1
289, 1130, "No matter what you do, what's meant to happen will happen sooner or later.", -1.36, 0.21, -0.18, -1.12, 0.06, 1.01, -0.14, 1.47, -1.53, 0.49, 0.29, 1.81, -1.83, 0.36, 0.03, 0.43, 0, 1, 0, 0, 1, 1, 0, 1, 0, 1, 1, 1, 0, 1, 1, 1
290, 1774, "1) If time travel were possible, it should be banned. 2) If time travel were possible, it should be banned to avoid inadvertently changing the present.", -0.85, 0.15, -0.05, -0.77, -1.32, 2.43, 1.22, -1.02, -1.24, 0.61, -0.41, 0.16, -0.02, -0.66, 0.49, 1.29, 0, 1, 0, 0, 0, 1, 1, 0, 0, 1, 0, 1, 0, 0, 1, 1
291, 481, "If time travel were possible, it would have to be banned to avoid inadvertently altering the present.", -0.01, 0.61, 0.30, -1.48, -0.66, 1.88, 1.72, -1.58, -1.11, -0.09, -0.61, 0.43, -0.52, -0.59, 0.61, 1.08, 0, 1, 1, 0, 0, 1, 1, 0, 0, 0, 0, 1, 0, 0, 1, 1
292, 1293, "If time travel were possible, it should be banned.", -1.51, -0.36, -0.40, 0.15, -1.68, 2.40, 0.42, -0.20, -1.08, 1.18, -0.11, -0.16, 0.50, -0.57, 0.25, 1.19, 0, 0, 0, 1, 0, 1, 1, 0, 0, 1, 0, 0, 1, 0, 1, 1
293, 3181, "In my work and relationships with people, I adhere to the principle: 'No one should know anything they don't need to know, and even about what they do need to know, they should find out at the last minute.'.", -1.19, -1.15, -1.55, -0.41, -0.55, 1.17, -0.23, 1.94, 0.95, 1.32, -0.15, -0.37, 0.56, -0.56, -0.82, 1.04, 0, 0, 0, 0, 0, 1, 0, 1, 1, 1, 0, 0, 1, 0, 0, 1
294, 3181, "I'm very tolerant of other people's negative emotions.", -0.41, 1.73, -0.08, -0.05, -1.89, 1.39, -0.45, 0.21, 0.27, 0.83, -0.30, -0.23, -0.92, 1.32, 0.43, -1.86, 0, 1, 0, 0, 0, 1, 0, 1, 1, 1, 0, 0, 0, 1, 1, 0
295, 3187, "I always get stuck for a long time, my attention and thoughts focused on everything I can't explain.", 1.29, -0.59, -1.08, 1.50, 0.63, 0.48, -0.75, 0.50, -1.77, 1.06, 0.36, -0.02, -1.08, 1.27, -0.51, -1.30, 1, 0, 0, 1, 1, 1, 0, 1, 0, 1, 1, 0, 0, 1, 0, 0
296, 3190, "I'm very impatient and get instantly irritated if my partner does something wrong or if I have to wait for them.", 0.57, -0.96, 1.36, -1.41, 1.32, -0.40, 1.25, -1.25, -0.32, -0.51, 0.62, 0.05, 1.32, -1.84, 0.16, 0.04, 1, 0, 1, 0, 1, 0, 1, 0, 0, 0, 1, 1, 1, 0, 1, 1
297, 3188, "It's true that I don't like disrupting established order.", -2.06, 1.18, 0.99, -0.04, -0.47, 1.78, -0.43, 0.48, -1.49, -0.43, -0.36, 0.62, -0.25, 1.01, -1.11, 0.57, 0, 1, 1, 0, 0, 1, 0, 1, 0, 0, 0, 1, 0, 1, 0, 1
298, 3189, "I am more tolerant of other people's views and lifestyles than the average person.", 0.88, 1.15, -0.42, 1.63, -2.04, -0.27, -1.92, 0.26, 0.08, 1.09, 0.00, -0.83, -0.79, 0.32, 0.23, 0.64, 1, 1, 0, 1, 0, 0, 0, 1, 1, 1, 0, 0, 0, 1, 1, 1
299, 3191, "I always monitor, control, and adjust my behavior to the demands of the situation.", -2.17, -0.05, 0.00, 0.54, -0.23, 1.11, -1.78, -0.59, -0.88, 0.35, 0.70, 1.31, 0.89, 1.44, -0.22, -0.41, 0, 0, 0, 1, 0, 1, 0, 0, 0, 1, 1, 1, 1, 1, 0, 0
300, 3194, "I often feel like throwing my words, steeped in bitterness and anger, into this arrogant, foolish world.", -0.30, -0.48, -1.35, -0.45, 1.58, 0.35, 0.16, 1.63, 0.08, 1.13, -0.17, 1.37, -1.54, 0.31, -1.21, -1.10, 0, 0, 0, 0, 1, 1, 1, 1, 1, 1, 0, 1, 0, 1, 0, 0
301, 7968, "Compared to others, I probably pay more attention to ensuring I have a constant supply of resources - so that I always have the necessary tools at home and a full refrigerator.", -0.95, 0.63, 2.14, -1.56, -0.34, 0.09, -0.17, -0.15, 0.68, 0.03, -0.59, -0.46, 2.00, -1.15, -0.83, 0.64, 0, 1, 1, 0, 0, 1, 0, 0, 1, 1, 0, 0, 1, 0, 0, 1
302, 3203, "I often feel anxious, and against that backdrop, a sense of hopelessness and lostness.", -0.57, 0.79, -0.07, 0.05, 1.11, -0.97, -0.47, 0.89, -0.65, 1.10, -0.64, 0.85, -1.66, 2.07, -1.33, -0.50, 0, 1, 0, 1, 1, 0, 0, 1, 0, 1, 0, 1, 0, 1, 0, 0
303, 7968, "I always keep a two- or three-day supply of food in my house; I make sure of it.", -0.88, 0.58, 2.36, -1.37, 0.11, 0.21, -0.66, 0.00, 0.62, -0.28, -0.56, -0.25, 2.00, -1.29, -0.67, 0.10, 0, 1, 1, 0, 1, 1, 0, 0, 1, 0, 0, 0, 1, 0, 0, 1
304, 3219, "I often get caught up in past emotional experiences.", -0.72, 0.59, 0.97, -0.17, 1.93, -0.94, -1.07, 1.15, -1.27, -0.40, -0.50, 0.90, -1.16, 1.37, 0.32, -0.98, 0, 1, 1, 0, 1, 0, 0, 1, 0, 0, 0, 1, 0, 1, 1, 0
305, 3218, "I become aggressive if my freedom is restricted.", 1.28, -1.39, 0.48, -0.18, 0.21, -0.36, 0.91, -0.27, 1.36, -0.61, -0.39, 0.74, 0.78, -2.63, -0.53, 0.59, 1, 0, 1, 0, 1, 0, 1, 0, 1, 0, 0, 1, 1, 0, 0, 1
306, 3206, "I usually find it difficult to sit still for long periods.", 0.86, -1.54, 0.89, -1.00, 1.23, -1.54, 0.91, -0.61, 0.60, -1.08, 1.37, -0.90, 0.63, -0.38, 1.01, -0.44, 1, 0, 1, 0, 1, 0, 1, 0, 1, 0, 1, 0, 1, 0, 1, 0
307, 3224, "I easily 'catch' the mood of my friends.", -0.81, -0.02, 2.04, 0.10, -0.15, -0.95, 0.01, 0.40, -0.75, -2.07, 0.86, 0.03, -0.83, 1.63, 0.97, -0.46, 0, 0, 1, 1, 0, 0, 1, 1, 0, 0, 1, 1, 0, 1, 1, 0
308, 3215, "If I go to a cafe with friends, I always try to figure out how much money each of us should have.", -0.11, -1.30, 0.44, -0.21, 0.69, 0.96, 0.05, -1.90, 0.06, 1.38, 1.97, -1.18, 0.11, 0.13, -1.33, 0.24, 0, 0, 1, 0, 1, 1, 1, 0, 1, 1, 1, 0, 1, 1, 0, 1
309, 3235, "I am demanding and uncompromising, I work very hard and I despise lazy people.", -0.21, -1.44, 0.40, 0.03, 0.45, 1.03, 0.26, -1.38, 0.02, -1.27, 1.33, 1.30, 1.80, -0.28, -0.88, -1.15, 0, 0, 1, 1, 1, 1, 1, 0, 1, 0, 1, 1, 1, 0, 0, 0
310, 3221, "I always haggle at the market.", -0.23, -0.70, 0.48, -1.29, -0.01, -0.68, 0.44, -1.01, 0.79, -0.51, 2.62, -0.43, 1.51, -0.90, 0.63, -0.69, 0, 0, 1, 0, 0, 0, 1, 0, 1, 0, 1, 0, 1, 0, 1, 0
311, 3281, "I usually don't care how I look, but if people start paying attention to me and my appearance, I feel very uncomfortable.", 1.04, 0.12, -2.14, 1.19, -0.38, -0.34, 0.11, -0.09, -2.03, 0.85, 0.68, -0.62, -0.83, 1.24, 0.63, 0.57, 1, 1, 0, 1, 0, 0, 1, 0, 0, 1, 1, 0, 0, 1, 1, 1
312, 3252, "I have a good automatic visual memory for image details.", -0.66, 0.61, 2.03, -1.52, -1.22, 0.91, 1.23, -0.76, 0.48, 0.30, -1.57, 0.33, 0.64, -0.71, -0.57, 0.48, 0, 1, 1, 0, 0, 1, 1, 0, 1, 1, 0, 1, 1, 0, 0, 1
313, 3281, "I will only agree to command people with their voluntary consent.", 0.03, 1.68, 0.59, 1.16, -1.60, -0.70, -0.91, -0.17, -0.94, 0.94, -0.26, -0.39, -1.36, 1.90, -0.25, 0.28, 1, 1, 1, 1, 0, 0, 0, 0, 0, 1, 0, 0, 0, 1, 0, 1
314, 3274, "I always know, at every single moment, exactly what I need and what I want.", -0.96, 0.82, 1.67, -0.07, -0.33, 0.21, 1.36, -1.95, 0.89, -1.04, 0.43, 0.67, 0.47, -1.30, -1.15, 0.27, 0, 1, 1, 0, 0, 1, 1, 0, 1, 0, 1, 1, 1, 0, 0, 1
315, 3284, "People should receive strictly controlled information depending on their role and position in society.", -1.81, -0.63, -1.41, -0.73, 1.23, 2.17, 0.98, 0.60, -0.02, -0.54, 0.05, -0.90, 0.78, 0.57, -0.49, 0.15, 0, 0, 0, 0, 1, 1, 1, 1, 0, 0, 1, 0, 1, 1, 0, 1
316, 3257, "I don't like people who have everything figured out, everything planned; that's foreign to me.", 1.19, 1.64, -0.72, -0.63, -0.81, -1.42, 0.59, 0.73, 1.01, 0.39, -1.60, -0.40, -1.21, -0.49, 1.25, 0.49, 1, 1, 0, 0, 0, 0, 1, 1, 1, 1, 0, 0, 0, 0, 1, 1
317, 3241, "Many things, whether imagined or remembered, are almost as real and certain to me as those I can touch and feel.", 0.72, -0.57, -0.06, 0.97, 0.80, -0.54, -0.99, 1.93, -1.19, 1.16, 0.15, -0.69, -1.80, 0.43, 0.79, -1.13, 1, 0, 0, 1, 1, 0, 0, 1, 0, 1, 1, 0, 0, 1, 1, 0
318, 3265, "Sometimes I don't immediately understand the meaning of phrases that use expressions like 'father's sister's son,' 'uncle's son's wife,' etc. (it's difficult to figure out who they're talking about right away).", -0.16, 1.38, -0.15, 0.01, 0.70, 0.08, -1.31, 0.77, 0.59, -1.16, -0.90, 1.87, -2.02, 0.75, -0.71, 0.25, 0, 1, 0, 1, 1, 1, 0, 1, 1, 0, 0, 1, 0, 1, 0, 1
319, 3228, "I like to laze around.", -0.22, 2.25, -0.64, 0.26, -0.77, -0.67, -0.47, 1.71, 0.32, 0.97, -1.17, -0.73, -1.24, -0.70, 0.00, 1.12, 0, 1, 0, 1, 0, 0, 0, 1, 1, 1, 0, 0, 0, 0, 0, 1
320, 3231, "Avoiding pain is usually more important to me than experiencing pleasure.", -0.72, 0.34, 0.01, 1.62, 0.61, -0.40, -1.93, -0.90, -0.89, -0.22, -0.77, -0.71, 1.91, 0.48, 0.24, 1.33, 0, 1, 1, 1, 1, 0, 0, 0, 0, 0, 0, 0, 1, 1, 1, 1
321, 3246, "I'm good at persistently asking for things - I know how to find the best moment to approach someone with a request.", -1.30, -0.59, 0.17, -1.53, 0.98, -0.62, -1.45, 1.05, 1.82, 0.17, 0.39, -0.25, 0.52, 0.10, 1.51, -0.97, 0, 0, 1, 0, 1, 0, 0, 1, 1, 1, 1, 0, 1, 1, 1, 0
322, 3251, "I don't like life's surprises - they're usually harmful or useless.", -1.68, 0.61, -0.18, 0.20, -0.14, 2.12, -0.75, -0.56, -0.56, 0.96, -0.32, 1.60, 0.34, -0.28, -1.75, 0.39, 0, 1, 0, 1, 0, 1, 0, 0, 0, 1, 0, 1, 1, 0, 0, 1
323, 3258, "I've experienced feelings of worthlessness and insignificance.", 0.97, 0.16, -1.15, -0.01, 1.03, -1.20, -0.31, 0.78, -1.83, 0.81, -0.52, 0.60, -1.41, 1.96, 0.01, 0.12, 1, 1, 0, 0, 1, 0, 0, 1, 0, 1, 0, 1, 0, 1, 1, 1
324, 3246, "A person should submit to the majority opinion.", -1.50, 0.66, -0.16, -0.24, 1.18, 1.86, 0.44, -0.03, -2.10, -0.97, -0.08, -1.11, 0.00, 0.80, 0.91, 0.33, 0, 1, 0, 0, 1, 1, 1, 0, 0, 0, 0, 0, 0, 1, 1, 1
325, 3265, "If someone's patriotic pride condemns the population to prolonged material hardship, then that's crap, not patriotism.", 0.62, -0.69, 0.03, -0.45, -1.28, -1.67, -1.36, -0.86, 1.51, 1.06, 0.67, 1.36, 0.87, -0.67, -0.15, 1.01, 1, 0, 1, 0, 0, 0, 0, 0, 1, 1, 1, 1, 1, 0, 0, 1
326, 3256, "I can simulate ('portray') a state of satisfaction and well-being for years, without saying a word to my friends about my problems.", -1.04, -0.83, -1.62, -0.12, -0.70, 0.72, -0.13, 0.77, -0.10, 1.95, 0.21, -1.56, -0.11, 1.23, -0.13, 1.45, 0, 0, 0, 0, 0, 1, 0, 1, 0, 1, 1, 0, 0, 1, 0, 1
327, 3265, "I'm excellent at getting my way by exploiting other people's psychological weaknesses and human attachments.", -1.36, -0.13, -0.43, -1.17, 1.39, -0.25, 0.24, -0.03, 2.49, 0.58, -0.80, -0.75, 0.24, -0.36, 1.30, -0.96, 0, 0, 0, 0, 1, 0, 1, 0, 1, 1, 0, 0, 1, 0, 1, 0
328, 3270, "Sometimes, if I start joking around in a group, I won't stop until I'm tired.", 1.60, -0.19, 1.04, -0.90, 1.23, -0.63, 1.25, -0.78, 0.61, -0.64, 0.06, -1.50, -0.38, -1.66, 1.19, -0.31, 1, 0, 1, 0, 1, 0, 1, 0, 1, 0, 1, 0, 0, 0, 1, 0
329, 3270, "Not for health reasons, but simply because of my nature, I try to avoid strenuous physical activity - I just don't like it.", 0.13, 1.59, -1.70, 1.06, 0.79, 0.23, -2.12, 0.27, -0.27, 1.01, -1.20, -0.20, -0.90, 0.07, 0.70, 0.55, 1, 1, 0, 1, 1, 1, 0, 1, 0, 1, 0, 0, 0, 1, 1, 1
330, 3270, "If I need to make a business phone call, I usually put it off as long as possible.", 0.08, 1.11, -1.60, 1.17, 0.06, -0.62, -1.32, 1.67, -0.53, 0.76, -1.45, 0.82, -1.32, 0.45, 0.54, 0.17, 1, 1, 0, 1, 1, 0, 0, 1, 0, 1, 0, 1, 0, 1, 1, 1
331, 3270, "Compliments about my clothes often, on the contrary, spoil my mood, as they plunge me into all sorts of reflections and doubts.", 0.31, -0.66, -2.31, 1.04, 0.86, -0.09, -0.26, 0.13, -2.15, 0.99, 1.02, -0.24, -0.17, 0.91, 0.81, -0.19, 1, 0, 0, 1, 1, 0, 0, 1, 0, 1, 1, 0, 0, 1, 1, 0
332, 3286, "I'm almost always in a bright, optimistic mood.", 0.45, 0.22, 1.63, 0.03, -1.37, 0.34, -0.72, -0.29, 0.45, -1.54, 1.60, -1.73, 0.84, -0.75, 1.03, -0.20, 1, 1, 1, 1, 0, 1, 0, 0, 1, 0, 1, 0, 1, 0, 1, 0
333, 3286, "I spend a lot of time making decisions.", -1.12, 1.12, 0.92, 0.92, -0.30, 0.38, -1.38, 0.85, -1.40, 0.64, -1.15, 0.50, -1.26, 1.71, -0.64, 0.22, 0, 1, 1, 1, 0, 1, 0, 1, 0, 1, 0, 1, 0, 1, 0, 1
334, 3292, "I constantly 'replay' various scenarios of possible events in my head, imagining the participation of the relevant actors.", 0.44, -0.93, -0.56, 0.22, 0.79, -0.72, -1.11, 1.17, -1.21, 1.17, 1.07, 0.31, -0.66, 0.54, 1.45, -1.98, 1, 0, 0, 1, 1, 0, 0, 1, 0, 1, 1, 1, 0, 1, 1, 0
335, 3323, "Sometimes I get so focused on my thoughts that I absentmindedly wander onto the wrong street.", 1.08, -0.93, -0.69, 0.84, 0.32, -0.52, -0.98, 1.00, -1.81, 1.14, 1.25, -0.97, -1.02, 0.64, 1.26, -0.60, 1, 0, 0, 1, 1, 0, 0, 1, 0, 1, 1, 0, 0, 1, 1, 0
336, 3323, "To be honest, I'm a bit slow on the uptake.", -0.78, 1.10, -0.51, -0.11, -0.57, 0.39, -0.17, 0.82, -0.83, -0.81, -0.50, 0.43, -1.49, 2.03, -0.93, 1.93, 0, 1, 0, 0, 0, 1, 0, 1, 0, 0, 0, 1, 0, 1, 0, 1
337, 3314, "I attach great importance to the beautiful appearance of people and objects, the surrounding environment, and cleanliness.", -0.84, 0.52, 1.87, -1.40, 0.55, 0.98, -0.85, 0.15, 1.02, -0.78, -0.52, 0.79, 0.70, -1.39, -1.46, 0.66, 0, 1, 1, 0, 1, 1, 0, 1, 1, 0, 0, 1, 1, 0, 0, 1
338, 3331, "I often find myself 'savoring' my thoughts, deriving increasing pleasure from them, and therefore I can't tear myself away from them.", 1.46, -0.90, -0.76, 1.21, 0.61, 0.65, -1.31, 1.36, -0.66, 1.05, 0.41, -0.55, -1.58, 0.62, -0.31, -1.30, 1, 0, 0, 1, 1, 1, 0, 1, 0, 1, 1, 0, 0, 1, 0, 0
339, 3327, "I know how to feign trust and gain confidence through calculation.", -0.90, -0.45, -0.96, -1.87, 1.12, -0.56, -0.78, 1.19, 2.42, 0.32, 0.34, -0.43, 0.64, -0.50, 0.26, 0.16, 0, 0, 0, 0, 1, 0, 0, 1, 1, 1, 1, 0, 1, 0, 1, 1
340, 3369, "My position is: let everyone live as they want.", 0.52, 0.87, -0.45, -0.35, -2.56, -0.49, -0.40, 1.20, 0.54, 1.66, 0.45, 0.39, -0.76, -1.02, -0.57, 0.96, 1, 1, 0, 0, 0, 0, 0, 1, 1, 1, 1, 1, 0, 0, 0, 1
341, 3334, "Sometimes when I'm walking, I feel like I'm suddenly being 'pulled' to one side.", 0.93, -1.33, -0.65, -0.15, 0.96, -0.36, -1.62, 1.14, -1.11, 1.29, 1.36, -0.59, -1.16, 0.96, 0.68, -0.35, 1, 0, 0, 0, 1, 0, 0, 1, 0, 1, 1, 0, 0, 1, 1, 0
342, 3369, "I prefer to wander through museum halls alone, rather than with a guided tour.", 0.59, -0.14, -0.86, 1.10, -1.93, 0.49, 0.11, 0.99, -0.20, 2.13, -0.64, 0.75, -0.75, -0.64, -1.43, 0.43, 1, 0, 0, 1, 0, 1, 1, 1, 0, 1, 0, 1, 0, 0, 0, 1
343, 3369, "Sometimes I conduct 'secret' experiments with acquaintances, testing their reactions in situations I deliberately create.", 0.65, -1.00, -0.81, -1.46, 1.84, -0.56, 0.54, -0.22, 1.03, 0.85, 1.37, -0.78, -1.21, 0.62, 0.36, -1.22, 1, 0, 0, 0, 1, 0, 1, 0, 1, 1, 1, 0, 0, 1, 1, 0
344, 3372, "I try to live in such a way that nothing escapes my personal control.", -0.90, -1.40, 0.54, -0.76, 0.50, 1.38, 0.24, -1.60, 0.33, -0.25, 1.11, 1.22, 1.52, 0.15, -1.38, -0.67, 0, 0, 1, 0, 1, 1, 1, 0, 1, 0, 1, 1, 1, 1, 0, 0
345, 3374, "Often, thoughts turn to death and oblivion, and one wants to dwell on it for a long time, as a good way out and the best revenge on oneself and others.", 0.20, -0.63, -1.44, -0.51, 0.46, -0.53, 0.52, 1.90, -0.85, 2.07, -0.14, -0.05, -1.00, 1.34, -0.45, -0.90, 1, 0, 0, 0, 1, 0, 1, 1, 0, 1, 0, 0, 0, 1, 0, 0
346, 3379, "I am very caring towards my family and loved ones.", -1.20, 1.75, 2.02, -1.22, -1.17, -0.11, 0.32, -0.84, -0.25, -0.91, -0.52, 1.23, 0.65, 0.66, 0.03, -0.43, 0, 1, 1, 0, 0, 0, 1, 0, 0, 0, 0, 1, 1, 1, 1, 0
347, 3374, "My usual mood is generally characterized by a lot of carefree and 'airy' euphoria.", 1.06, 0.52, 0.93, -0.06, -0.80, -0.06, -0.60, 1.32, -0.59, -0.31, 0.53, -2.33, -0.71, -0.46, 1.98, -0.42, 1, 1, 1, 0, 0, 0, 0, 1, 0, 0, 1, 0, 0, 0, 1, 0
348, 3394, "I'm often guided by a sense of pity.", 0.24, 1.12, 0.34, -0.17, 0.70, -0.85, -1.45, 0.86, 0.18, -1.57, -1.13, 0.86, -0.39, 2.02, 0.47, -1.23, 1, 1, 1, 0, 1, 0, 0, 1, 1, 0, 0, 1, 0, 1, 1, 0
349, 3374, "I am more of a believer in collectivism and the principle of 'one for all and all for one' than others.", -0.73, -0.20, 1.80, -0.19, 0.10, 0.79, 1.13, 0.00, -0.79, -2.06, -0.50, -0.42, -0.29, 1.13, 1.44, -1.21, 0, 0, 1, 0, 1, 1, 1, 0, 0, 0, 0, 0, 0, 1, 1, 0
350, 3380, "I don't need the power to subdue and command for any particular reason; it's simply pleasurable in itself.", -0.54, -1.54, -0.15, -0.85, 1.03, 1.26, 1.02, 1.56, 1.78, -0.65, 0.06, -0.16, -0.05, -1.01, -1.23, -0.56, 0, 0, 0, 0, 1, 1, 1, 1, 1, 0, 1, 0, 0, 0, 0, 0
351, 3388, "Even when I'm hungry and someone calls me to eat, I find it very difficult to tear myself away from what I've already started.", 1.07, -2.40, -1.29, 1.22, 0.56, 0.68, -0.76, -0.38, -1.25, 0.46, 1.32, 0.14, -0.12, 0.59, 0.58, -0.41, 1, 0, 0, 1, 1, 1, 0, 0, 0, 1, 1, 1, 0, 1, 1, 0
352, 3369, "I love contradictory information - it's always a pleasant challenge.", 1.60, -1.00, -0.37, 1.07, 0.16, -0.68, 0.72, -0.22, -0.35, 1.50, 0.91, -2.25, -0.38, -0.31, 0.68, -1.08, 1, 0, 0, 1, 1, 0, 1, 0, 0, 1, 1, 0, 0, 0, 1, 0
353, 3453, "I love precision in everything, and even when I make a joke, I almost always follow it up by explaining what I meant.", 0.07, -1.21, 0.92, 1.19, -0.22, 1.50, -0.59, -1.84, -1.25, -0.11, 0.67, 0.03, 1.55, 0.70, -1.10, -0.33, 1, 0, 1, 1, 0, 1, 0, 0, 0, 0, 1, 1, 1, 1, 0, 0
354, 3462, "I have a talent for intrigue: I'm good at understanding individuals, knowing how to use them, and subtly influencing their actions.", -0.99, -0.65, -0.57, -1.57, 1.39, -0.50, -0.82, 0.48, 2.05, 0.39, 0.03, 0.15, 0.29, -0.21, 1.69, -1.16, 0, 0, 0, 0, 1, 0, 0, 1, 1, 1, 1, 1, 1, 0, 1, 0
355, 3456, "I feel uncomfortable in a company where there's a relaxed atmosphere of banter and mutual teasing.", -1.45, -0.35, 0.32, 1.33, -0.38, 0.07, -0.94, 0.40, -1.01, -0.42, 0.20, 1.85, -0.38, 1.79, -1.55, 0.53, 0, 0, 1, 1, 0, 1, 0, 1, 0, 0, 1, 1, 0, 1, 0, 1
356, 3456, "The word 'no' is a very important, key word for me.", -1.48, 0.19, 0.79, 0.31, -0.04, 2.22, -0.86, -0.14, -1.14, -0.47, -0.93, 1.33, 0.03, 1.48, -0.90, -0.39, 0, 1, 1, 1, 0, 1, 0, 0, 0, 0, 0, 1, 1, 1, 0, 0
357, 3472, "I'm flexible in discussions; I easily find logical arguments to defend any thesis I need at the moment.", 1.05, -1.46, -0.56, 0.90, -0.10, -0.22, 0.57, -1.75, 0.04, 1.30, 0.70, -1.42, 1.51, -1.03, 0.76, -0.28, 1, 0, 0, 1, 0, 0, 1, 0, 1, 1, 1, 0, 1, 0, 1, 0
358, 3474, "I experience a pleasant feeling of relief when I finally manage to get something done at someone else's expense.", -1.03, 1.08, -1.41, -0.34, 0.38, -0.94, -0.25, 1.73, 1.20, 1.08, 1.15, -0.87, 0.15, -1.55, -0.65, 0.28, 0, 1, 0, 0, 1, 0, 0, 1, 1, 1, 1, 0, 1, 0, 0, 1
359, 3483, "My imagination often produces things that are comically exaggerated.", 1.44, -0.95, 0.13, 0.26, 0.28, -0.88, -0.11, -0.23, -1.08, 1.10, 0.43, -2.52, 0.45, 0.17, 1.69, -0.16, 1, 0, 1, 1, 1, 0, 0, 0, 0, 1, 1, 0, 1, 1, 1, 0
360, 3493, "I'm expressing my opinion, even if it risks causing conflict with most of my friends.", 1.94, -1.22, 0.10, 0.22, 0.14, 0.23, 1.88, -1.63, 0.41, -0.06, -0.43, -0.29, 0.52, -1.88, 0.31, -0.26, 1, 0, 1, 1, 1, 1, 1, 0, 1, 0, 0, 0, 1, 0, 1, 0
361, 3508, "I am most interested in questions concerning the origin of the universe and life, evolution, historical development, and the future prospects of civilization.", 1.49, -1.43, -1.21, 2.28, 0.22, -0.07, -0.10, 0.40, -1.11, 1.05, 0.32, -1.03, -0.92, 0.27, 0.36, -0.53, 1, 0, 0, 1, 1, 0, 0, 1, 0, 1, 1, 0, 0, 1, 1, 0
362, 3508, "Representatives of different social groups should remain representatives of those social groups, without mixing with each other.", -1.62, -0.54, -0.34, -0.96, 1.02, 2.31, 1.10, 0.67, -1.33, -0.12, 0.22, -0.53, -0.05, -0.98, 0.16, 0.96, 0, 0, 0, 0, 1, 1, 1, 1, 0, 0, 1, 0, 0, 0, 1, 1
363, 3551, "I have a lot of old, emotionally charged memories from my childhood.", -0.11, 1.24, 1.67, -1.09, 1.61, -0.70, -0.62, 1.04, -0.13, -1.54, -0.73, 0.78, -0.79, -0.13, 0.65, -1.15, 0, 1, 1, 0, 1, 0, 0, 1, 0, 0, 0, 1, 0, 0, 1, 0
364, 3558, "I can be cruel and ruthless if necessary.", 0.11, -1.58, -0.39, -1.41, 0.04, 0.71, 1.37, 0.20, 1.51, 0.53, 0.41, 0.84, 0.72, -1.97, -1.04, -0.06, 1, 0, 0, 0, 1, 1, 1, 1, 1, 1, 1, 1, 1, 0, 0, 0
365, 3551, "I'm inattentive to the color of objects; I poorly remember the color of my own and other people's clothing, and I would have difficulty recalling the exact color of neighboring houses.", 0.95, -0.40, -1.95, 1.78, 0.57, -0.39, 0.24, -0.10, -1.52, 0.15, 1.90, -0.98, -0.63, 0.29, 0.16, -0.04, 1, 0, 0, 1, 1, 0, 1, 0, 0, 1, 1, 0, 0, 1, 1, 0
366, 3559, "I easily give in to my first impulses.", 0.71, 0.54, 1.64, -0.85, 0.83, -2.05, 1.29, 0.86, 0.23, -1.47, -0.02, -0.98, -0.45, -0.71, 0.73, -0.30, 1, 1, 1, 0, 1, 0, 1, 1, 1, 0, 0, 0, 0, 0, 1, 0
367, 3563, "I'm excellent at (and often enjoy) logically, persuasively, and eloquently criticizing other people's endeavors.", 0.82, -1.54, -1.02, 1.10, -0.37, 0.74, 0.33, -0.99, -0.34, 1.93, 0.45, -0.88, 1.56, -1.22, -0.42, -0.15, 1, 0, 0, 1, 0, 1, 1, 0, 0, 1, 1, 0, 1, 0, 0, 0
368, 3563, "I have a personality that often requires guidance, as well as moral, physical, and material support from others.", -0.95, 1.66, 0.38, 0.36, 0.68, -0.77, -1.11, 1.38, -1.29, 0.23, -0.19, -0.35, -1.87, 1.44, 0.60, -0.20, 0, 1, 1, 1, 1, 0, 0, 1, 0, 1, 0, 0, 0, 1, 1, 0
369, 3563, "I'm a meticulous 'finisher' - I love constantly refining the quality of my work down to the smallest detail and perfecting familiar techniques.", -0.77, -0.59, 1.08, 0.28, -1.34, 1.44, -0.38, -1.20, -1.38, 0.39, 0.11, 0.60, 1.82, 0.37, -1.31, 0.88, 0, 0, 1, 1, 0, 1, 0, 0, 0, 1, 1, 1, 1, 1, 0, 1
380, 3482, "I have excellent dexterity: I could make a pretty good croupier at a casino.", -0.53, 0.76, 1.45, -1.30, -1.07, 0.58, 1.46, -0.38, 1.05, 0.02, -1.16, -0.34, 1.00, -1.14, -1.35, 0.95, 0, 1, 1, 0, 0, 1, 1, 0, 1, 1, 0, 0, 1, 0, 0, 1
381, 3516, "The motto 'Science and Humanism' resonates more with me than the motto 'Unity and Solidarity'.", 1.63, -0.28, -0.64, 1.68, -0.68, -1.53, -1.20, -1.60, 0.10, 1.34, 0.61, -0.50, 0.82, 0.17, -0.22, 0.31, 1, 0, 0, 1, 0, 0, 0, 0, 1, 1, 1, 0, 1, 1, 0, 1
382, 3493, "Only fools trust other people.", -0.94, -1.57, -1.64, 0.41, 0.10, 0.86, 0.20, 0.47, 0.76, 1.91, 0.02, 0.22, 1.02, -1.40, -1.05, 0.63, 0, 0, 0, 1, 1, 1, 1, 1, 1, 1, 1, 1, 1, 0, 0, 1
383, 3537, "Deep down, I have a passion for wandering and vagabonding.", 2.11, -0.31, -1.79, -0.36, -0.50, -0.97, 1.35, 0.83, -0.63, 0.36, 0.24, -0.75, -1.36, 0.11, 0.98, 0.66, 1, 0, 0, 0, 0, 0, 1, 1, 0, 1, 1, 0, 0, 1, 1, 1
384, 3513, "Cunning and the ability to feign are what constitute intelligence.", -0.74, -0.61, -1.39, -1.21, 0.99, -0.55, -0.26, 0.54, 1.32, 1.30, 0.75, -1.79, 0.85, -0.85, 0.96, 0.68, 0, 0, 0, 0, 1, 0, 0, 1, 1, 1, 1, 0, 1, 0, 1, 1
385, 3550, "Faith is above all doubt for me.", -0.90, -0.61, 1.49, -0.14, 1.03, 0.86, -0.17, 0.94, -0.21, -2.61, -0.11, 0.13, -1.04, 1.20, 0.54, -0.41, 0, 0, 1, 0, 1, 1, 0, 1, 0, 0, 0, 1, 0, 1, 1, 0
386, 3491, "For a bet or a prize worth a day's wages, I could quite easily reach into a jar full of grey woodlice (without feeling particularly disgusted) to retrieve a key from the bottom.", 1.05, 0.00, -0.69, -1.13, -1.75, 0.41, 1.95, -0.20, -0.79, 1.48, 1.43, -0.56, -0.07, -0.19, 0.03, -0.95, 1, 0, 0, 0, 0, 1, 1, 0, 0, 1, 1, 0, 0, 0, 1, 0
387, 3527, "I'd much rather live two hundred years from now than two hundred years ago.", 1.55, 0.11, -0.69, 1.17, -1.12, -1.91, -0.54, -0.59, 0.87, 0.24, 0.78, 0.14, 1.33, -1.58, -0.36, 0.60, 1, 1, 0, 1, 0, 0, 0, 0, 1, 1, 1, 1, 1, 0, 0, 1
388, 3590, "Researching something, even if it's partly familiar, always fills me with joy and pleasant sensations.", 1.91, -0.96, 1.07, 2.36, -0.83, 0.06, -0.34, -0.57, -1.28, 0.33, 0.72, -0.72, -0.49, -0.52, -0.23, -0.50, 1, 0, 1, 1, 0, 1, 0, 0, 0, 1, 1, 0, 0, 0, 0, 0
389, 3595, "I have a keen sense of smell.", -1.12, 0.26, 2.00, -1.51, -0.36, -1.18, 0.95, -0.64, 0.55, 0.12, -1.19, 0.43, 0.59, -0.58, -0.04, 1.73, 0, 1, 1, 0, 0, 0, 1, 0, 1, 1, 0, 1, 1, 0, 0, 1
390,3588,"On average, I call one of my friends at least every other day to chat for thirty minutes or more about various things that have happened to me.",0.09,-0.57,1.63,-0.63,1.42,-1.31,-0.19,-0.83,0.84,-1.94,0.19,-0.48,0.91,-0.34,1.55,-0.34,1,0,1,0,1,0,0,0,1,0,1,0,1,0,1,0
391,3586,"My speech sometimes sounds a bit like a rattle or the whirring of a sewing machine.",1.12,-0.18,1.03,-0.76,0.72,-0.78,0.03,-0.88,-0.59,-0.67,0.72,-1.32,1.46,-0.51,1.98,-1.35,1,0,1,0,1,0,1,0,0,0,1,0,1,0,1,0
392,3587,"I like to act aggressively, with force and threats.",0.18,-1.04,-0.98,-1.18,1.19,0.86,1.71,-0.10,1.49,-0.76,-0.34,0.87,0.72,-1.67,-0.46,-0.50,1,0,0,0,1,1,1,0,1,0,0,1,1,0,0,0
393,3598,"I understand the task better when I'm clearly told what needs to be done; if they just point and say, 'something's missing here,' it takes me a long time to figure out what they want from me.",-0.86,1.63,-0.30,-1.25,0.36,1.34,-0.75,0.40,0.00,-0.58,-0.80,1.71,-1.58,0.54,-0.81,0.96,0,1,0,0,1,1,0,1,0,0,0,1,0,1,0,1
394,741,"I can roll my tongue.",0.45,-1.03,1.69,-1.66,-0.35,1.59,1.58,0.29,-0.25,-1.02,-0.13,-0.04,-0.08,-0.69,-1.22,0.87,1,0,1,0,0,1,1,1,0,0,0,0,0,0,0,1
395,3620,"I usually ignore illnesses and don't pay much attention to them; sometimes I simply don't notice them for a long time.",0.54,-1.11,-1.72,-0.43,-0.37,0.00,1.18,0.67,-1.17,1.21,1.75,0.18,-1.36,0.13,1.10,-0.59,1,0,0,0,0,0,1,1,0,1,1,1,0,1,1,0
396,3606,"I'm not very active; sometimes I can sit completely still for a long time.",-0.72,0.83,-1.34,1.19,-0.82,1.25,-0.94,1.22,-0.36,1.20,-0.81,0.76,-1.25,0.54,-1.39,0.64,0,1,0,1,0,1,0,1,0,1,0,1,0,1,0,1
397,3624,"I know how to demand what's mine and push aside my rivals.",0.17,-1.76,0.19,-1.63,0.59,0.21,1.20,-0.53,1.88,-0.77,0.47,-0.21,1.38,-1.24,-0.30,0.35,1,0,0,0,1,1,1,0,1,0,1,0,1,0,0,0
398,3601,"I'll easily go against public opinion if I want to.",1.92,-1.54,0.06,-0.28,-0.26,-0.28,1.48,-0.78,1.12,0.57,0.37,0.23,0.06,-2.23,-0.04,-0.42,1,0,1,0,0,0,1,0,1,1,1,1,1,0,0,0
399,3621,"When I walk, I 'bounce,' rolling from heel to toe.",2.26,-0.98,-0.82,0.99,0.48,-0.66,-0.80,0.27,-0.90,-0.39,1.80,-1.37,0.25,-0.35,0.64,-0.44,1,0,0,1,1,0,0,0,0,0,1,0,1,0,1,0
